:020000040800F2
:10000000F00E0024850300089F6C00089566000828
:100010009D6C00089D180008097F00080000000082
:10002000000000000000000000000000FD7100085A
:10003000D91C000800000000A16C0008FF71000836
:10004000A3030008A3030008A3030008A3030008F8
:10005000A3030008A3030008A3030008A3030008E8
:10006000A3030008A3030008A3030008A3030008D8
:10007000A3030008A3030008A3030008A3030008C8
:10008000A3030008A3030008A3030008A3030008B8
:10009000A3030008A3030008A3030008A3030008A8
:1000A000A303000875730008A3030008A303000856
:1000B000A3030008A3030008A3030008A303000888
:1000C000A3030008A3030008A3030008A303000878
:1000D000A3030008A3030008A3030008A303000868
:1000E000A3030008A303000800000000A303000806
:1000F00081730008A3030008A3030008A3030008FA
:10010000A3030008A3030008A3030008A303000837
:10011000A3030008A3030008A3030008A303000827
:10012000A3030008A3030008A3030008A303000817
:10013000A3030008A3030008A3030008A303000807
:1001400000000000000000000000000000000000AF
:10015000A3030008A3030008A3030008A3030008E7
:10016000A3030008A3030008A3030008A3030008D7
:10017000A3030008A3030008A30300080000000075
:10018000A3030008A3030008A3030008A3030008B7
:10019000A3030008A3030008A3030008A3030008A7
:1001A000A3030008A3030008A30300080000000045
:1001B000A3030008A3030008A3030008A303000887
:1001C000A3030008A30300080000000000000000D3
:1001D0000000000000000000A30300080000000071
:1001E000000000000000000000000000000000000F
:1001F0000000000000000000A3030008A3030008A3
:10020000A3030008A303000800000000A3030008E4
:10021000A3030008A3030008A3030008A303000826
:10022000A303000800000000A30300080000000072
:10023000A3030008A303000800000000A3030008B4
:10024000A3030008A3030008A3030008A3030008F6
:10025000A3030008A3030008A3030008A3030008E6
:10026000A3030008A3030008A3030008A3030008D6
:10027000A3030008A3030008A30300080000000074
:10028000A3030008A3030008A3030008A3030008B6
:1002900000000000A3030008A30300080000000002
:1002A00000000000A3030008A3030008A303000844
:1002B000A3030008A3030008A3030008A303000886
:1002C000A3030008A3030008A303000800F002F83A
:1002D00000F049F80AA090E8000C82448344AAF197
:1002E0000107DA4501D100F03EF8AFF2090EBAE895
:1002F0000F0013F0010F18BFFB1A43F0010318475A
:10030000E88B0000088C0000103A24BF78C878C140
:10031000FAD8520724BF30C830C144BF04680C600B
:10032000704700000023002400250026103A28BF53
:1003300078C1FBD8520728BF30C148BF0B60704757
:10034000662908F0F984002070471FB508F075FC95
:1003500000F02AFC04000020002108F0DDFBE06032
:100360001FBD10B510BD00F023FD1146FFF7EDFFD6
:1003700008F054FB00F041FD03B4FFF7F2FF03BCAB
:1003800000F078FD0A4880470A4880470A4800473D
:10039000FEE7FEE7FEE7FEE7FEE7FEE7FEE7FEE735
:1003A000FEE7FEE705480649064A074B704700008E
:1003B000E11C00089D720008CD020008F00800242E
:1003C000F00E0024F00A0024F00A002453EA020C84
:1003D00000F069802DE9F04B4FF00006002B1FBFA5
:1003E000B3FA83F503FA05F424FA05F65E4012BF6A
:1003F0001643B2FA82F502FA05F4C5F120051EBFD4
:1004000022FA05FC44EA0C04203556EA044C4FEA73
:10041000144418BF641C4FF000084FF000099042CC
:1004200071EB030C39D3002919BFB1FA81F701FA36
:1004300007F6B0FA80F700FA07F6C7F120071EBFEB
:1004400020FA07FC46EA0C062037B6FBF4FCA7EBC3
:100450000507103F07F01F0BCBF120060CFA0BFB32
:100460002CFA06F644BFB3460026202FA4BF5E46F2
:100470004FF0000B5BEA060C08BF4FF0010B19EBC5
:100480000B09ABFB027C48EB0608C01B06FB02CC49
:100490000BFB03CC71EB0C01C1E70B460246414656
:1004A0004846BDE8F08B13B54FF000004FF0000157
:1004B000AFF30080BDE81C40704700000FB41CB5CE
:1004C000084B06AA7B4469460090059800F053FB50
:1004D00004460020694600F061FB20461CBC5DF824
:1004E00014FB0000D50600002DE9F0474FF0000A8C
:1004F00089460446C0F820A02046E16888470028C5
:1005000076D0252806D0D4E901219047206A401CE6
:100510002062F1E7E168204600258847C4F81CA066
:1005200006460027C4F818A02A2E09D0304608F045
:10053000CDF838B304EB8708303EC8F8186019E0EE
:1005400059F8041B204604EB87029161E168884753
:10055000012F064618D1E069002820DA25F0200591
:100560001DE0D8F8180000EB800006EB40003038A2
:10057000C8F818002046E1688847064608F0A6F843
:100580000028EED1012F0AD02E2E08D12046E16896
:1005900088477F1C0646022F45F02005C4DBA06972
:1005A000002803DA404245F00105A061E80701D0C8
:1005B00025F01005B6B1A6F14100192802D8203661
:1005C00045F400654A463146204625604D46FFF712
:1005D000B7FE58B1012806D0ED1D25F0070000F147
:1005E000080989E704E005F1040985E730468AE750
:1005F000206ABDE8F087032A40F2308010F0030C37
:1006000000F0158011F8013BBCF1020F624498BF65
:1006100011F801CB00F8013B38BF11F8013BA2F102
:10062000040298BF00F801CB38BF00F8013B11F07D
:10063000030300F02580083AC0F0088051F8043B1D
:10064000083A51F804CBA0E80810F5E7121D5CBF8A
:1006500051F8043B40F8043BAFF30080D20724BFBD
:1006600011F8013B11F801CB48BF11F8012B24BF51
:1006700000F8013B00F801CB48BF00F8012B7047A0
:1006800010B5203AC0F00B80B1E81850203AA0E82D
:100690001850B1E81850A0E81850BFF4F5AF5FEA61
:1006A000027C24BFB1E81850A0E8185044BF18C914
:1006B00018C0BDE810405FEA827C24BF51F8043BBB
:1006C00040F8043B08BF7047D20728BF31F8023B0F
:1006D00048BF11F8012B28BF20F8023B48BF00F8A3
:1006E000012B70474FF0000200B513469446964622
:1006F000203922BFA0E80C50A0E80C50B1F1200135
:10070000BFF4F7AF090728BFA0E80C5048BF0CC0E2
:100710005DF804EB890028BF40F8042B08BF704740
:1007200048BF20F8022B11F0804F18BF00F8012BB2
:10073000704770477047704710B500F039FA00688D
:1007400010BD10B5044600F033FA046010BD7047C8
:100750002DE9FF4F0C461E464FF0FF378BB0D2E914
:100760000001DDF860800A908A46C1F30A5505B998
:100770003D46002108464FF00000BAF1000F00F49A
:10078000400005DA00EB80004FF4400101EA500020
:100790004FEA9059B9F1010F00DDB9460A9850EAC5
:1007A0004A000ED044F61050A5F2FF3545432F14F1
:1007B000B8F1000F1ED07542291E1EDDC9F10002DE
:1007C0001CE0B8F1010F4FF0000001D0302103E030
:1007D000F24305E02154401CB042FBDB30460022CE
:1007E000002121540B99C1F80880C1E900200FB005
:1007F000BDE8F08FBD1B6D1CDEE74A4600DA69429A
:1008000006A800F05FFA06AB93E8070003AB83E8A5
:10081000070050460A9900F034FB8DE80700A0F568
:1008200000501F3800900398002D0ADD42F21F018E
:100830004A460844002303A90390684600F09DFD42
:1008400009E0A0F500504A461F38002303A9039091
:10085000684600F0A7FD8DE807000004000C03D0F7
:100860004FF0FF30410800E01046B8F1000F03D010
:100870000022009215461EE0751E05D400F09CF97A
:10088000303262556D1EF9D5B3460122084302D0BD
:1008900000227F1C04E02078302801D100227F1E36
:1008A000002A099784D01DE0112D07DA00F084F9A1
:1008B000303262556D1C50EA0102F5D1084302D076
:1008C0000098C8B10EE00021681E05E0235C625C60
:1008D00063542254401E491C8142F7DBAB46A81BDF
:1008E000401E0990002004F80B000B98099AC0F8EC
:1008F0000880C0E9002B7AE711264FF0000857E77F
:100900002DE9F04F88460446D21D22F0070191B030
:10091000D1E90001CDE90A0107F0F7FA02460B9888
:10092000C00F01D02D2007E02068810701D52B20C2
:1009300002E0202101EAC000032A099001D0072A21
:1009400005DB03464146204600F07CF90BE12078A8
:10095000800601D5E06900E00620B8F1650F814608
:1009600006D0B8F1660F18D0B8F1670F70D131E03A
:100970000020B9F1110F009001DB112301E009F112
:1009800001030AAA01A90CA8FFF7E2FEDDE90C7039
:10099000002609F10105834647E001204B460090FF
:1009A0004FF000470AAA01A90CA8FFF7D1FEDDE924
:1009B0000DB00C995D46002610B909F101000D1823
:1009C000B9EB050003D4C0F1FF3609F10105A5EB31
:1009D00009002BE0B9F1010F01DA4FF00109002005
:1009E000B9F1110F0090484601DD112300E00346E4
:1009F0000AAA01A90CA8FFF7ABFEDDE90C704D4671
:100A000000268346207800070AD4AB4500DA5D460D
:100A100001A8012D04DD411911F8011C302907D06E
:100A20004F4502DA17F1040F04DA012082460FE085
:100A30006D1EEEE7002F02DCED1B3E4403E0781C48
:100A4000A84200DD7D1CB81B00F1010A4FF00047F1
:100A50002078000703D4AA4501DB4FF0FF3A0021BC
:100A6000B7F1004F0DF143088DF8431024D0022058
:100A70002B23002F01DA7F422D230A21021EA0F131
:100A8000010000DC5FB197FBF1FC97FBF1F201FB89
:100A90001C7C17460CF1300C08F801CDEEE7A8F1EC
:100AA000010003702188090501D5452100E0652179
:100AB000A0F1010800F8011C09980FA9A1EB080793
:100AC000FF1D00B10120411901EBEA70A169384412
:100AD000081A401EA0612078C00602D42046AFF359
:100AE0000080099828B1D4E901219047206A401C70
:100AF00020622078C00622D52046AFF300801EE099
:100B0000002E04DBB34502DD01A8805D00E030204B
:100B1000D4E901219047206A401C2062761CAAF18A
:100B200001005FEA000A0AD100F03EF8C0680168DF
:100B3000405CD4E901219047206A401C2062281EB5
:100B4000A5F10105DCDC07E0D4E9012118F8010B6F
:100B50009047206A401C2062381EA7F10107F3DC91
:100B60002046AFF30080032011B041E601694A1C22
:100B700002610878704700B58FB0CDE901310021DE
:100B8000059105497944CDE9031011466846FFF700
:100B9000ABFC0FB000BD0000E5FFFFFF0A6802F8E4
:100BA000010B0A607047000000487047AC08002441
:100BB000004870478C08002430B5B0F10A024FEAB3
:100BC000900E71F100034EEA817EB0EB0E0061EBF6
:100BD00091014FEA101E4EEA017E10EB0E0041EB30
:100BE00011114FEA102E4EEA016E10EB0E0041EB90
:100BF00011214FEA104E4EEA014E10EB0E0041EB70
:100C00001141401841F100014FEAD00040EA417023
:100C10004FEAD10110EB80054FEA810444EA907459
:100C200044EB01046D1944EB0404521BA3414FF043
:100C3000000348BF0A3200D530BD401C41F100011D
:100C400030BD00002DE9F0411F460446032601682F
:100C5000072A01F4006004DB08B116A505E016A51B
:100C600003E008B115A500E015A521F010002060F3
:100C7000A069C01EA0610FB1401EA0612046AFF365
:100C800000804FB1D4E9012138469047206A401CCA
:100C90002062C01C206206E0206AFAE7D4E9012144
:100CA00015F8010B9047761EF8D22046AFF300806E
:100CB000BDE8F0814E414E006E616E00494E460027
:100CC000696E66002DE9F047814616468AB03548C0
:100CD00078440DC88DE80D0032487844801C03AC80
:100CE0000DC884E80D0041F69B300844372190FB85
:100CF000F1F290FBF1F5A5F1800501FB12041B3C1C
:100D000002D56442012000E00020DFF898A0804670
:100D10000027FA44AAF1BE0A0EE0E0070AD03246E4
:100D2000684607EB470101230AEB810100F03AFB1B
:100D30008DE8070064107F1C002CEED1194F7F4412
:100D4000AE3F19E0E80715D007EB04100DF1180AC3
:100D500090E80E008AE80E00C068F04201D19819B0
:100D600008903246012306A903A800F01BFB03AB41
:100D700083E807006D10641C002DE3D14FF00103E0
:100D800032466946B8F1000F03A802D000F0F5FA28
:100D900001E000F007FBC9E90001C9F808200AB02A
:100DA000BDE8F087FC810000004870478C080024F3
:100DB0007546FFF7F9FFAE4605006946534620F039
:100DC0000700854618B020B5FFF7ECFABDE82040D3
:100DD0004FF000064FF000074FF000084FF0000BF7
:100DE00021F00701AC46ACE8C009ACE8C009ACE8AA
:100DF000C009ACE8C0098D46704710B50446AFF392
:100E000000802046BDE81040FFF7B6BA4FF0013C25
:100E100050F8042B51F8043B9A4215D1A2EB0C0375
:100E2000934313EACC130BD150F8042B51F8043B35
:100E30009A4209D1A2EB0C03934313EACC13E7D0F7
:100E40004FF00000704700BFD01A01BAB1FA81F12B
:100E500001F0180122FA01F0CB40C1F12001DBB210
:100E6000C0B2C01A2CFA01F3D11A914311EAC3118E
:100E7000E6D1704701491820ABBEFEE7260002000C
:100E800070475FEA400C08BF91F0000F4FEA8C23D7
:100E90004FEAC12243EA51514FEA1C5018BF00F5F6
:100EA000F0404FEA300018BF41F000415FEA6C5C4F
:100EB00000F02980BCF1FF3F08BF40F08040704740
:100EC000130C06BF12044FF0100C4FF0000C130E61
:100ED00004BF12020CF1080C130F04BF12010CF135
:100EE000040C930F04BF92000CF1020CD30F04BF4B
:100EF00052000CF1010C11464FF00002A0F11F004E
:100F0000A0EB0C00704711F0004F08BF704731F0A4
:100F100000413FF4D5AF0B0C06BF09044FF0100C95
:100F20004FF0000C0B0E04BF09020CF1080C0B0F64
:100F300004BF09010CF1040C8B0F04BF89000CF1F4
:100F4000020CCB0F04BF49000CF1010CCCF12003C3
:100F5000A0EB0C0022FA03F302FA0CF241EA0301BF
:100F600000F10100704720F07F4C80EA030023F07D
:100F70007F47ACEB070303F57C5300F0004003F11F
:100F8000FF032DE980494FEA154B09B44FEA14439A
:100F900025EA0B4E24EA03480FF2042606EB13273A
:100FA00049083E785FEA320203FB0667C7F500078F
:100FB00007FB06F64FEA54374FEAD64606F102061B
:100FC00007FB066CCCF1005C4FEA1C472CEA074C8F
:100FD00007FB06F40CFB06F504EB15464FEA9616E4
:100FE00034BF00204FF000404FEAD13706FB07FC2A
:100FF0004FEA1C4C0CFB0BF7D21B03FB0CF761EB0D
:1010000007010CFB0EF7B0EB074072EB17420CFB2D
:1010100008F734BFA2EB0742B2EB074261EB17417E
:101020004FEA0C444FEA910706FB07FC4FEA1C4CC1
:101030000CFB0BF7B0EBC74072EB573203FB0CF71E
:1010400034BFA2EBC742B2EBC74261EB57310CFB96
:101050000EF7B0EBC70072EB57720CFB08F734BF0A
:10106000A2EBC702B2EBC70261EB5771039F4FEAD5
:10107000816141EA921104EBCC044FEAD1374FEA87
:10108000826206FB07FC42EA90124FEA80604FEA58
:101090001C4C0CFB0BF7D21B03FB0CF761EB07019D
:1010A0000CFB0EF7B0EB074072EB17420CFB08F796
:1010B00034BFA2EB0742B2EB074261EB17414FEAA4
:1010C0008C554FEA910704EB9C2406FB07FC4FEA82
:1010D0001C4C0CFB0BF7B0EBC74072EB573203FB19
:1010E0000CF734BFA2EBC742B2EBC74261EB5731FA
:1010F0000CFB0EF7B0EBC70072EB57720CFB08F756
:1011000034BFA2EBC702B2EBC70261EB577115EB1C
:101110004C254FEA816141EA92114FEA82624FEA1F
:10112000D13742EA901206FB07FC44F100044FEA73
:1011300080604FEA1C4C0CFB0BF7D21B03FB0CF737
:1011400061EB07010CFB0EF7B0EB074072EB1742A7
:101150000CFB08F734BFA2EB0742B2EB074261EB8E
:10116000174115EB1C154FEA813141EA92414FEAD4
:10117000823242EA90424FEA80304FEA0C7644F1E4
:10118000000448EA03434EEA0B484FF0000EB2EB6E
:10119000080C71EB030724BF624639464EEB0E0E76
:1011A0004FF0000B0018524149414BEB0B0BB2EBD7
:1011B000080C71EB03077BF1000B24BF6246394634
:1011C0004EEB0E0E4FF0000B0018524149414BEB15
:1011D0000B0BB2EB080C71EB03077BF1000B24BF88
:1011E000624639464EEB0E0E51EA020718BF46F032
:1011F000010616EB0E7655F1000254F1000103D5FD
:10120000BDE88901BDE80088BDE88901BDE8004866
:10121000B619524141EB0101A3F1010370478080EF
:101220007F7E7D7C7B7A7978777676757473727140
:1012300071706F6E6E6D6C6C6B6A6A6968686766F8
:1012400066656464636362616160605F5F5E5E5D8A
:101250005D5C5C5B5B5A5A595958585757565655FE
:1012600055555454535352525251515050504F4F60
:101270004F4E4E4D4D4D4C4C4C4B4B4B4A4A4A49B0
:1012800049494848484747474746464645454544F3
:101290004444444343434342424242414141002B80
:1012A0009C4630D477002BD01CB54FEA370703B4E7
:1012B0004FF010004FF01001BAF1000F06D0BCF152
:1012C000000FDCBF40F0080040F008014FF00000C4
:1012D0000FBCBDE810400BF1010BBBF1010F08BFC3
:1012E0005FEA170722BF12F1010211F101014FF06D
:1012F000004143F1000300F0004043EA0000704762
:10130000F9D35708D0E746EA064613F1400F4FEAF3
:1013100016461FDD13F1200FDFBF16430A460021DA
:1013200020335B42BED0C3F1200746EA064602FAEC
:1013300007F74FEA164646EA0706C3F1200722FAE6
:1013400003F201FA07F721FA03F14FF0000342EA32
:101350000702A7E746EA020646EA06464FEA1646AD
:1013600046EA0106BCBF46EA0646360C4FF00003CB
:101370004FF000024FF0000194E72DE9804C9A46AF
:10138000934670B491E8380007C831EA400C48BF72
:1013900034EA430C03D5FFF7E6FDFFF780FFF0BC0E
:1013A000BDE8008C2DE9804C9A46934670B491E8D4
:1013B000380007C810F0804F08BF13F0804F03D1EA
:1013C00000F005F8FFF76BFFF0BCBDE8008C20F0E3
:1013D0007F4780EA030023F07F4C07EB0C03A3F563
:1013E0007C5300F00040A3F1FE0392F0000F00F0E8
:1013F000B38095F0000F00F077802DE901494FEAA6
:1014000011404FEA144621EA004800FB06FC24EA9A
:10141000064708FB06F607FB08F800FB07F718EB82
:1014200006484CEB164C4FEA124B18EB07484FEAB4
:1014300015464CEB174022EA0B4E0BFB06FC25EA47
:1014400006470EFB06F607FB0EFE0BFB07F71EEB2F
:10145000064E4CEB164C4FF000061EEB074E4CEBC5
:10146000174B18EB0B0840F1000018EB0E0B58EB74
:10147000000840F100008F1A4FF000013CBFC94343
:10148000661B14BFB5EB040C00213CBFC943F61B1F
:101490004FEA17444EEA8E0E27EA04454FEA1C47EE
:1014A00004FB07622CEA074C05FB07F70CFB05F66B
:1014B00004FB0CFC16EB074642EB174216EB0C46FE
:1014C00042EB1C421BEB060658EB0202414146EA86
:1014D0009E0601D5BDE80189B619524141EB0101D3
:1014E000A3F10103BDE801894FEA14454FEA114712
:1014F00024EA054621EA074C05FB07F406FB07F73B
:101500000CFB06F105FB0CFC11EB074144EB174407
:101510004FEA124711EB0C4144EB1C4422EA074C02
:1015200005FB07F206FB07F70CFB06F605FB0CFCB8
:1015300016EB074642EB174216EB0C4642EB1C45F6
:101540006A1854F1000148BF7047B619524141EB87
:101550000101A3F10103704795F0000F37D04FEA66
:1015600011424FEA144721EA024624EA074C02FBE3
:1015700007F106FB07F70CFB06F402FB0CFC14EB6F
:10158000074441EB17414FEA154714EB0C4441EB7C
:101590001C4125EA074C02FB07F506FB07F70CFB8D
:1015A00006F602FB0CFC16EB074645EB174516EB5F
:1015B0000C4645EB1C42121951F1000148BF70471F
:1015C000B619524141EB0101A3F1010370474FEA03
:1015D00014454FEA114724EA054621EA074C05FB6A
:1015E00007F106FB07F70CFB06F24FF0000605FBC0
:1015F0000CFC12EB074241EB174112EB0C4251EB92
:101600001C4148BF7047921841EB0101A3F101034F
:101610007047000010B5324904460068884202D085
:10162000304A904202D1D1F8080302E02E48D0F8A7
:10163000080310F4403F10D003F0E2FE6168B1F5FA
:10164000803F06D0B1F5003F03D0B1F5403F26D131
:1016500001E0090C17E0800821E000214FF4002090
:1016600002F0B4FF61688A03920B18D18A140C2A25
:1016700015D2DFE802F0140606060606060B0D0F6B
:101680001113890C4900B0FBF1F008E0000906E0F5
:10169000400904E0800902E0C00900E0000A1349A3
:1016A0004008884204D82068816821F4407108E02D
:1016B0000F49884207D82068816821F4407141F4BD
:1016C0008071816010BD0B4988422068816804D810
:1016D00021F4407141F40071F3E741F44071F0E707
:1016E000002002400021024000600258105E5F00AE
:1016F00020BCBE0040787D0110B5846B216E11F0D6
:10170000500F06D0216EC90625D5204601F05CFD9C
:1017100010BD206E40F40070206620680168090743
:1017200007D504F0CAFF90B12068C068800403D5D3
:101730000DE0C06880070AD1206E20F4807020661A
:10174000206EC00403D4206E40F0010020662046C5
:1017500001F038FD10BDA16DC96CBDE8104008470F
:1017600010B5806B016E41F040010166416E41F0A1
:101770000401416601F028FD10BD10B5806B01F039
:1017800022FD10BD70B50446006881688268C1F30F
:10179000400112F0010F28D039BB816801F00D0122
:1017A000012914D18168124A1140891C8160216885
:1017B0000320086002F0EEFB054612E002F0EAFBAF
:1017C000401B02280DD920688068C00709D0206E10
:1017D00040F010002066606E40F00100606601205D
:1017E00070BD20688068C007E8D1002070BD00008F
:1017F000C0FFFF7F70B504460068816811F0010FDB
:1018000040D18168204A11422DD18168D5432940B9
:10181000491C816002F0BEFB1C49064620681C4B37
:10182000884201D0984201D11A4A00E01A4A9268CF
:10183000984202F01F0200D0014681421DD0E2B161
:1018400020E0816811F0010F03D181682940491C13
:10185000816002F09FFB801B02280ED9206800687F
:10186000C043C00709D0206E40F010002066606EB3
:1018700040F001006066012070BD20680168C94326
:10188000C907DED1002070BD3F000080002002406B
:10189000002102400023024000630258FEE70000DE
:1018A000294A016891423AD0274A1832914236D0EB
:1018B000254A3032914232D0234A483291422ED0CA
:1018C000214A603291422AD01F4A7832914226D072
:1018D0001D4A9032914222D01B4AA83291421ED01A
:1018E0001A4A91421BD0194A1832914217D0174A0E
:1018F0003032914213D0154A483291420FD0134AE8
:10190000603291420BD0114A7832914207D00F4A8F
:101910009032914203D00D4AA832914211D1CAB2FD
:101920001823103AB2FBF3F26FF30901032A02F015
:101930000703074AD25CC26500D9091D81650846C4
:10194000704721F0FF01F9E7100002401004024047
:101950003C8D000830B5224A012301689142CAB289
:101960001BD01F4C1434A14217D01D4C2834A14267
:1019700013D01B4C3C34A1420FD0194C5034A1421F
:101980000BD0174C6434A14207D0154C7834A142D7
:1019900003D0134C8C34A1420CD11421114C083AC1
:1019A000B2FBF1F10F4A803201F01F0504EB810117
:1019B000AB4010E00C4D1824103A0D44B2FBF4F18A
:1019C000A82D00D80831094A01F01F0402EB81015B
:1019D000064AA3408032603080E80E0030BD00002F
:1019E0000854025800580258F0FBFDBF000802409E
:1019F00010B50279531E072B2DD8174C0168A14250
:101A00001BD0154C1434A14217D0134C2834A142DA
:101A100013D0114C3C34A1420FD00F4C5034A14292
:101A20000BD00D4C6434A14207D00B4C7834A1424A
:101A300003D0094C8C34A14203D10849074C4431EE
:101A400002E00749064C443104EB8202C0E91B2145
:101A500001219940416710BD08540258FC580258B2
:101A6000FC08024010B583694FF0C074826A0146D9
:101A7000002053B1B3F5005F15D072B1012A0CD02C
:101A8000022A0AD0032A09D104E01AB1012A06D099
:101A9000022A03D1C96AC90100D5012010BDC96A53
:101AA000A142FAD010BD002AF7D0012AF2D0022AB2
:101AB000F3D0032AF3D010BD2DE9F04F804E804FB4
:101AC000DFF8FC911836DFF8F8A148370468856D17
:101AD0000AF1300ADFF8ECB14C45DFF8ECC1DFF871
:101AE000ECE16DD0B4426BD0544569D0BC4267D0B4
:101AF000DFF8D081A8F11808444561D05C455FD07B
:101B000064455DD074455BD0DFF8C481444557D04F
:101B1000DFF8BC8108F11808444551D0DFF8B081E6
:101B200008F1300844454BD0DFF8A48108F148089B
:101B3000444545D0DFF8988108F1600844453FD01E
:101B4000DFF88C8108F17808444539D0DFF88081CE
:101B500008F19008444533D0DFF8748108F1A808F3
:101B600044452DD0DFF86C81444529D0DFF86481ED
:101B700008F11408444523D0DFF8588108F12808FB
:101B800044451DD0DFF84C8108F13C08444517D08E
:101B9000DFF8408108F15008444511D0DFF8348166
:101BA00008F1640844450BD0DFF8288108F1780873
:101BB000444505D0DFF81C8108F18C08444509D163
:101BC000D0E91948C4F80480C46E1CB1D0E91C489F
:101BD000C4F8048004684C452ED0B4422CD054453F
:101BE0002AD0BC4228D0374E183EB44224D05C459F
:101BF00022D0644520D074451ED0354EB4421BD04F
:101C0000334E1836B44217D0314E3036B44213D06A
:101C10002F4E4836B4420FD02D4E6036B4420BD012
:101C20002B4E7836B44207D0294E9036B44203D0BA
:101C3000274EA836B44215D190F85C603F2406F0D8
:101C40001F06B440AC600468256825F48025256033
:101C50002EE09A600068C160BDE8F08F996000686E
:101C6000C260F9E71B4EB4421BD01A4E1436B44280
:101C700017D0184E2836B44213D0164E3C36B44214
:101C80000FD0144E5036B4420BD0124E6436B442CC
:101C900007D0104E7836B44203D00E4E8C36B44284
:101CA000DAD190F85C60012406F01F06B4406C6045
:101CB000046863608368402B0368CFD1C9E70000E4
:101CC0001000024088000240A0000240B80002401C
:101CD0001004024008540258704772B6FEE7000034
:101CE000054805490839026842F0020202600868A6
:101CF0008004FCD5704700000C48025890ED130A90
:101D0000D0ED140AB0EE002AB0EE401ADFED081A4A
:101D100000EE821AF1EE600A80ED190A30EEC00A78
:101D200081EE212A80ED150A80ED1A2A7047000005
:101D3000D7B3DD3F10B504462DED028B90ED4C0A74
:101D400006F0D8F9F0EE400A94ED4C0AB0EE608A45
:101D500006F018FBD4ED251A94ED261A61EE880AD8
:101D600061EE801A41EE400A41EE081AC4ED1F0AE6
:101D7000C4ED201ABDEC028B10BD2DE9FE430027F7
:101D800005464FF47A783E463C466946D5F818C079
:101D900001AB02AA95F82100E047BDF80400BDF8A8
:101DA0000010064401200F4401F0CAFF641CA4B2D5
:101DB0004445EAD3B7FBF8F0B6FBF8F100EE100AA1
:101DC00000EE901AB8EE400AF8EE600A85ED160AA9
:101DD000C5ED180ABDE8FE83D0ED020AD0ED031A66
:101DE00090ED051A70EEE11A90EC022AD0ED060A89
:101DF00022EEA13A62EE212A03EE001AF4EEC10AA5
:101E0000F1EE10FA02D2B0EE600A08E0B1EE600A1C
:101E1000B4EEC10AF1EE10FA01DCB0EE410AB0EE08
:101E2000402A32EE821AF4EEC10AF1EE10FA02D222
:101E3000B0EE600A08E0B1EE600AB4EEC10AF1EE5D
:101E400010FA01DCB0EE410AB4EE401AF1EE10FADD
:101E500015D0F4EEC10AF1EE10FA04D2F5EEC01A74
:101E6000F1EE10FA0BD3F1EE600AF4EEC10AF1EED6
:101E700010FA06DDF5EEC01AF1EE10FA01DD80ED84
:101E8000052A80ED040A704710B504462DED028B3B
:101E900090ED4C0A06F02EF9F0EE400A94ED4C0A53
:101EA000B0EE608A06F06EFA94ED191AD4ED1A1AA3
:101EB00061EE080A21EE882A41EE800A01EE402AEE
:101EC000C4ED1D0A84ED1E2ABDEC028B10BD00007E
:101ED00030B49FED782ADFED782AB6EE003ADFEDD8
:101EE000773A90ED1F0AD0ED201AB0EE631ADFEDBD
:101EF000740A20EE022A60EE222AF5EEC01AB0EE35
:101F0000410AF1EE10FA01EEC32A41EEC32A01DDC7
:101F1000012400E00024B5EEC02AF1EE10FA01DD44
:101F2000012300E00023F5EEC02AF1EE10FA01DDF6
:101F3000012200E0002204EB430303EB8202072AA4
:101F400011D2DFE802F0100406080A0C0E0002218C
:101F500016E0062128E001210DE004211AE003210A
:101F600013E005211BE0072922D2DFE801F021045C
:101F7000090E13181D0022EE200A21EEA01A17E008
:101F800022EE600A22EEE01A12E021EEA00A22EE12
:101F9000A01A0DE021EEE00A22EE601A08E022EE1F
:101FA000A00A22EE201A03E022EEE00A21EEE01A57
:101FB000444A70EE010A10EE903ADFED431A934264
:101FC00007DD80EE202AC1EE202A22EE210A22EE31
:101FD000A11A70EE210A072970EE810A60EE830AC9
:101FE00030EEC00A30EE411A28D2DFE801F02704B3
:101FF0000B10151A2100C0ED100A80ED110A80EDBA
:10200000121A1BE000F1400181EC030A16E080ED9A
:10201000101AC0ED110A0FE080ED101A80ED110AC0
:1020200003E080ED100A80ED111AC0ED120A05E000
:10203000C0ED100A80ED111A80ED120A90ED100A21
:1020400010EE101A914202DDB0EE610A06E0B5EE24
:10205000C00AF1EE10FA01D2B0EE630AD0ED110A17
:1020600080ED100A10EE901A914202DDF0EE610A46
:1020700006E0F5EEC00AF1EE10FA01D2F0EE630AC6
:1020800090ED121AC0ED110A11EE101A914202DD04
:10209000B0EE611A06E0B5EEC01AF1EE10FA01D208
:1020A000B0EE631A80ED121A90F82120C16830BC9E
:1020B00010460847D7B35DBFD7B35D3F00000000AF
:1020C00032C6DD4300E0AB4500E0AB45B0EEC00AF0
:1020D000F1EE0C1A9FED131A60EE211AF0EE000AD1
:1020E000114A124981EE810A20EE200A10EE100AF0
:1020F000904202DA9FED0E0A05E010EE100A8842C7
:1021000001DD9FED0C0ADFED0C1ADFED0C0AB7EED6
:10211000001A20EE210A60EE200A30EE811A80EECD
:10212000810A7047000070420000A042000048444D
:102130000000A04200004844DB0FC940ACC5A738EE
:10214000B4EEE00AF1EE10FA02DDB7EE000A7047D5
:10215000B1EE601AB4EEC10AF1EE10FA02D2BFEE8F
:10216000000A704780EE201AB0EE410A7047000066
:1021700070B5044600252DED048BF0EE409AD0F8A2
:102180007C01B0F5FA7F0DD2DFED930A401CC4F854
:102190007C0100EE100AF0EE088AB8EE400A40EE2C
:1021A000208A01E0DFED8D8AB4F82821B4F82C11E3
:1021B00094ED163ADFED8A2A94ED182A9FED891ADC
:1021C00000EE102A8848F3EE040AF8EE403A00EEDA
:1021D000101AFBEE041A73EEC33AB8EE403A23EE3F
:1021E000A20A33EE422A84ED140A22EE011AB0EE5E
:1021F000C02A12EE101A84ED131A814209DBB5EEE3
:10220000C00A4FF00305F1EE10FA30FEA10A84ED8A
:10221000140AB0EEC10A10EE101A814209DBB5EEC5
:10222000C01A4FF00305F1EE10FA30FEA10A84ED5A
:10223000130A2046FFF762FD03212046B0EE690A2B
:1022400004F094FE694994ED4F0A9FED691AD4EDAC
:102250004C0A30EEC00A10EE100A884202DD30EE61
:10226000410A06E010EE100A6249884201D930EEB8
:10227000010AF1EE0C1A94ED592A94ED5B1AC4EDA3
:102280004F0AC0EE210A204630EE820A84ED590A38
:1022900070EE410AC4ED5A0AFFF7F6FD94F82300E8
:1022A0009FED558A012847D1D4ED580A94ED5A1A6A
:1022B00094ED5C0A70EEC10AB5EEC00AF1EE10FAB8
:1022C00008D020EE200A4D4910EE100A884201DCA9
:1022D000012600E0002694ED4D0A06F033FA10EED8
:1022E000100A4749884200DC36B384ED568A84EDF3
:1022F000578A84ED378A84ED3A8A84ED398A84EDF1
:10230000418A84ED408A84ED308A84ED338A84EDFD
:102310005C8A9FED3C0A002684F8236094F8210033
:1023200054F80C1FB0EE401AF0EE400A8847A6752C
:102330002846BDEC048B70BDD4ED290A9FED320A0E
:1023400005F0A4FFF0EE400A9FED300A05F07AFF99
:10235000DFED2F0AB0EE409AB0EE480A49EE490A86
:1023600005F070FF06F0D8F884ED299AB0EE408AA7
:10237000D4ED300A05F08AFFF0EE400AB1EE480ACB
:1023800005F060FFD4ED1D0A94ED1E1AC4ED2D8AF0
:10239000C4ED348A84ED300AC4ED2A0A84ED311A82
:1023A000B0EE690A04F19C00FFF716FDB0EE690A71
:1023B00004F1B800FFF710FD94ED2B0AD4ED320ABA
:1023C00084ED250AC4ED260A2046FFF7B3FC20461B
:1023D000FFF77EFDACE700004260E53B51A3D9402A
:1023E000840084BA8400843A0000A041DB0F494095
:1023F000DB0FC940DB0F49C0000000008FC2F53C75
:102400000000164400E02B459A99193F9A9919BF8C
:10241000EC51B83E70B50546104A00EB451000EB94
:10242000851002EB8004204684F8215000F034FA35
:102430002168284688472046FFF79FFC61682846A8
:102440008847216928468847002084F82200012116
:1024500084F88011C4F8740170BD0000D403002416
:102460002DE9F04107468F4900EB471000EB87103C
:102470002DED068B01EB800494F88001012804D037
:102480000220BDEC068BBDE8F08104F59673A569CA
:102490009A1E3846911EA84794F822000025DFEDC9
:1024A000828A824E9FED828A50B101283DD09FEDF5
:1024B00081AA0228B7EE009A75D0032834D19FE094
:1024C000B0EE680AE168B0EE401AF0EE400A94F807
:1024D0002100884794ED560A06F034F910EE100AF0
:1024E000B04221DD94F8230084ED4C8A84ED488AC3
:1024F00084ED2C8A84ED338A84ED3A8A84ED418A16
:10250000012884ED4F8A07D184ED598A84ED5B8AD6
:1025100084ED5A8A84ED5C8AC4F874513846216986
:102520008847012084F82200B9E0B0EE000A84ED6B
:10253000250A84ED268A84ED4C8A84ED488A84ED50
:102540004E8A84ED4F8A2046FFF7F4FB2046FFF7C2
:10255000BFFC94ED560A06F0F5F810EE100AB042F2
:1025600004DAC4F8745184F8225098E0D4F8740165
:10257000401CC4F87401B0F57A6F12D994ED560A74
:10258000DFED4D0A9FED4D1AB5EEC00A0220C4F8EA
:102590007451F1EE10FA84F8220030FE810A84EDC5
:1025A000480A7CE0FFE7B0EE4A0A204600F088F8CF
:1025B00094ED560A06F0C6F810EE100AB04219DA89
:1025C000B0EE680A94F8210054F80C1FB0EE401ADF
:1025D000F0EE400A884784ED4E9A84ED1E8A84ED21
:1025E0001F8A84ED208A84ED218A84ED4D8AC4F807
:1025F00068514DE0D4F87401401CC4F874014EE0F9
:1026000094F82300F0BB94ED560AF0EE409A06F0E1
:1026100099F810EE100AB04218DAB0EE680A94F891
:10262000210054F80C1FB0EE401AF0EE400A884723
:1026300084ED4E9AA57584ED1E8A84ED1F8A84ED83
:10264000208A84ED218A84ED4D8A28E0D4ED570A52
:10265000BFEE000AF5EEC00AF1EE10FAF5EEC09AF0
:1026600069FE000AF1EE10FA29FE000AF4EE400AB3
:10267000F1EE10FA0ED094F8210054F80C1FB0EED1
:10268000680A00E006E0B0EE401AF0EE400A884723
:10269000A57504E0B0EE4A0A2046FFF769FD002068
:1026A000EFE60000D403002400E02B450000484280
:1026B00000000000ACC5A73858E95B4358E95BC38C
:1026C00070B504462DED048BF0EE409AB0F8282149
:1026D000B0F82C1190ED163ADFED652AD0ED180A0E
:1026E0009FED642A00EE102A63480025B3EE041A19
:1026F000F8EE403A00EE101AFBEE041A73EEC33AFD
:10270000B8EE403A23EEA20A73EE600A84ED140A92
:1027100060EE820AB0EEC02A12EE101AC4ED130A5F
:10272000814209DBB5EEC00A4FF00305F1EE10FA65
:1027300031FE210A84ED140AB0EEE00A10EE101A00
:10274000814209DBF5EEC00A4FF00305F1EE10FA05
:1027500031FE210A84ED130A2046FFF7CFFA022149
:102760002046B0EE690A04F001FC9FED448AB0EE09
:10277000480A05F0BFFCB0EE480A05F003FE94EDF0
:10278000190A3F4848F2D04284ED1D0A94ED1A0A16
:1027900084ED1E0A0168491C0160914202D30021A8
:1027A000016006E044F26820814202D3B6EE000ADE
:1027B00001E09FED340A84ED290AF0EE400A84ED31
:1027C000308A9FED310A05F061FDF0EE400A9FED81
:1027D0002F0A05F037FDDFED2E0AF0EE408AB0EE4D
:1027E000480A48EEE80A05F02DFD05F095FEC4ED17
:1027F000298AB0EE409AD4ED300A05F047FDF0EE9C
:10280000400AB1EE490A05F01DFDF0EE400A94EDD4
:102810001D1AD4ED1E1AC4ED300A9FED1E0A84ED78
:102820002A1AC4ED311A84ED2D0A84ED340AB0EE73
:10283000690A04F19C00FFF7CFFAB0EE690A04F1CF
:10284000B800FFF7C9FA94ED2B0AD4ED320A84EDF3
:10285000250AC4ED260A84ED4C8A2046FFF76AFA61
:102860002046FFF735FBBDEC048B284670BD000009
:10287000840084BA8400843A0000A0410000000073
:1028800018000024CDCC4C3E9A99193F9A9919BF53
:10289000EC51B83E51A3D94010B5202204469CB05B
:1028A000FDF7EEFEE16994F82100884732491C22C9
:1028B0006846FDF7E5FE1C22694604F19C00FDF721
:1028C000DFFE2D491C2207A81C31FDF7D9FE1C2272
:1028D00007A904F1B800FDF7D3FE27491C220EA872
:1028E0003831FDF7CDFE1C220EA904F1D400FDF70E
:1028F000C7FE21491C2215A85431FDF7C1FE1C2238
:1029000015A904F1F000FDF7BBFE1B4904F1400CD2
:102910009FED1A0A70310020F7EE000A0EC9E0663A
:102920002067C4F88400C4F88800A065E0652066CC
:102930008CE80E0084ED480A84ED500A84ED560AB6
:1029400084ED4C0A84ED4E0A84ED4F0A84ED570A5B
:10295000C4ED510A84F8230084ED580A84ED590A25
:1029600084ED5A0A84ED5B0A84ED5C0AC4F87401B4
:1029700084F820001CB010BD7C8D00080000000011
:1029800000EB401101EB80100B4901EB800090F847
:10299000231039B1DFED090AC0ED410AC0ED400A4C
:1029A000C0ED3A0A80ED560A80ED370A002180F822
:1029B0002310084670470000D403002400000000E4
:1029C000F8B50027044615460E46009790F85C00BF
:1029D00001280BD0012084F85C002046FEF7D2FECF
:1029E0000100206E04D040F010002DE00220F8BD60
:1029F00020F4885040F002002066206806F48032FF
:102A000005F08043134D1A4383682B401A4342F06C
:102A100000428260104A20680EE0009B5B1C00931D
:102A2000934209D3206E84F85C7020F0020040F0DD
:102A3000100020660120F8BD8368DB0FEDD1206E09
:102A400020F0020040F001002066084684F85C7027
:102A5000F8BD0000C0FFFE3F00F8C3252DE9F04798
:102A60000F4690F85C109CB0044601294FF0000915
:102A700015D00026DFF8F880012084F85C00189655
:102A80001996216841450ED13A4D0095284603F02C
:102A900010FE8246206803F00CFE60B10EE00220BA
:102AA0001CB0BDE8F087206E84F85C6040F0200028
:102AB00020660120F4E7BAF1000F09D0216E4FF033
:102AC000010941F020002066484684F85C60E7E791
:102AD00020684146884201D0A84201D1264800E042
:102AE000264840F61F72D7F800C0254BBCF1000FF6
:102AF00023D0D0F808C0D7F804802CF4404C4CEA1E
:102B0000080CC0F808C0D4F800C08C4501D0AC4512
:102B100007D18968AB6801F0010103F00103194393
:102B200002E0996801F001010029CDD1BD68396842
:102B3000836829439343194317E0876827F4404784
:102B4000876027688F4201D0AF4207D18968AB68A0
:102B500001F0010103F00103194302E0996801F05B
:102B600001010029B0D1816891438160ACE7000088
:102B7000002002400021024000230240006302586E
:102B8000006002582DE9F84F04460D460020FC4E27
:102B90000090814694F85C10DFF8E8B3FA4F012901
:102BA000206807D04FF0010A84F85CA003F07DFD97
:102BB00018B195E20220BDE8F88F286800280FDBE5
:102BC0002168B1420CD0CA69030327D090FAA0F063
:102BD000B0FA80F000F01F030AFA03F00243CA6162
:102BE000D5E900124FF00C0C20681F23C1F384615B
:102BF0000CEA921C02F01F02604493409140026B69
:102C00009A430A430263206803F04FFD8046206820
:102C100003F047FD58EA000003D058E1C0F3846098
:102C2000D8E72A684FF0040C20680723A9680CEA4B
:102C3000D25CC2F3045260449340914042699A438B
:102C40000A4342612068B04204D1C2686969C2F394
:102C5000C1020BE0CD4A1268BAEB127F02D0C16804
:102C6000C90605D4C2686969C2F38202520004E051
:102C7000C268696902F01002520891402A69042A68
:102C80005ED02B6800EB8202B04202F160020CD1F0
:102C9000106803F0F843DFF8F8C20B4300EA0C00B9
:102CA000184340F00040106008E0D2F800C003F084
:102CB000F84008430CF00041014311602068B04225
:102CC0001CD12A69E96900EB8200026E22F0807251
:102CD0000A43026695F8201020682A6901290AD063
:102CE0000021B04299D100EB8200026E22F0007206
:102CF0000A430266EBE04FF00071F2E795F821100D
:102D00002A69012916D0002100EB8200026E22F010
:102D100000420A430266297E20682A6901290CD0F4
:102D20000021036902F01F02914023F4F0420A439C
:102D30000261CCE04FF00041E6E74FF40061F0E7BC
:102D4000B04273D1002103F0A6FC000320684FF0CD
:102D500000016DD003F09FFC90FAA0F0B0FA80F172
:102D60002868020369D090FAA0F0B0FA80F081429E
:102D700004D100222068114603F0A8FC206801213C
:102D800003F089FC000320684FF0010158D003F0E4
:102D900082FC90FAA0F0B0FA80F12868020354D0C7
:102DA00090FAA0F0B0FA80F0814204D120680022AD
:102DB000012103F08BFC2068022103F06CFC00036E
:102DC00020684FF0020143D003F065FC90FAA0F0B8
:102DD000B0FA80F1286802033FD090FAA0F0B0FA70
:102DE00080F0814204D120680022022103F06EFCB1
:102DF0002068032103F04FFC000320684FF003011B
:102E00002ED003F048FC90FAA0F0B0FA80F12868C8
:102E100002032AD090FAA0F0B0FA80F0814256D195
:102E200020680022032103F051FC50E020E0FFE77E
:102E300003F031FCC0F3846192E7C0F3846096E74D
:102E400003F029FCC0F38461A7E7C0F38460ABE71B
:102E500003F021FCC0F38461BCE7C0F38460C0E7E9
:102E600003F019FCC0F38461D1E7C0F38460D5E7B7
:102E7000016E2A7801F0F841B1EB826F03D1016E47
:102E800021F00041016620682978426E02F0F84284
:102E9000B2EB816F03D1416E21F0004141662068A1
:102EA0002978826E02F0F842B2EB816F03D1816E15
:102EB00021F00041816620682978C26E02F0F84254
:102EC000B2EB816F03D1C16E21F00041C166206871
:102ED000816811F0010F52D12E49B042EB682A6887
:102EE0000FD1D0F8B0C003F01808C2F3130321FAD1
:102EF00008F111402CEA030C4CEA010CC0F8B0C0F8
:102F00000EE0D0F8C0C003F01808C2F3130321FA92
:102F100008F111402CEA030C4CEA010CC0F8C0C0C7
:102F2000E968594572D11C482268DFF870C0DFF8A3
:102F300070B08242DFF86CE01B481C4BDFF87080F9
:102F400045D12968614567D0B1EB4C0C71D0714512
:102F50006BD0A1F1865CBCF1100C77D0DFF854C0C7
:102F6000614571D0DFF850C0614507D0814276D00D
:102F7000994249D01148814224D1114879E0B5E005
:102F8000006002580000FF47002102400010005C72
:102F900000F0FF03FFFF0F0000200240020030049A
:102FA000400020190800900C0008302E00106032FC
:102FB000002090362000F0140004002A0000214375
:102FC000000052476E48814252D16E4851E0BA42E9
:102FD0001DD1296861451FD0A1F1066CBCF1040C1C
:102FE00027D0714521D0A1F1865CBCF1100C2DD009
:102FF000DFF894C1614527D0DFF890C1614538D032
:1030000081422CD09942DDD1404632E040E0B242CC
:103010002ED12968614501D101202AE0A1F1066C79
:10302000BCF1040C05D0714505D1594821E000E000
:103030000CE058461DE0A1F1865CBCF1100C05D0F7
:10304000DFF844C1614504D1524812E0524810E013
:1030500005E0DFF838C161450BD0814201D1184647
:1030600007E04E48414504D0814201D14C4800E080
:103070000020B2420CD0D169030319D090FAA0F01D
:10308000B0FA80F000F01F030AFA03F00143D161A7
:10309000D5F800C0BCF1000F28DA424B2068424945
:1030A000DFF808A1984201D0B84203D10A4602E0F5
:1030B000800EE7E752469268984202F0E07201D033
:1030C000B84209D19D68D7F8088005F0010508F0DD
:1030D000010845EA080502E0B56805F0010555B1AB
:1030E000216E4FF0010941F020002066002084F895
:1030F0005C0048465FE52E4DAC451CD115021AD444
:10310000B042F3D1984202D0B84200D051468B6809
:1031100042F4000023F0E07202438A602649254809
:103120000968B1FBF0F04000801C00E0401E0090F8
:103130000028FBD1DAE7214DAC450CD1D5010AD4EA
:10314000B042D3D1984202D0B84200D051468B68E9
:1031500042F080700EE01A4DAC45C7D15502C5D47F
:10316000B042C3D1984202D0B84200D051468B68D9
:1031700042F4800023F0E07202438A60B6E7000068
:103180000000844B0000B84F2000F0140004002A17
:103190008000501D0002B025000180210040C03A8F
:1031A0000080F03E002002400023024000630258ED
:1031B000000052C7400D030010000024000021C38E
:1031C000000084CB70477047704700002DE9F8433A
:1031D0004FF0000504002E46009502D0206E18B175
:1031E00008E00120BDE8F883204600F043F9656659
:1031F00084F85C5020688168C1F3407119B181681E
:103200008E4A1140816020688168C1F3007181B9E4
:1032100081688B4A114041F0805181608A49894818
:103220000968B1FBF0F0401C00E0401E009000284F
:10323000FBD120688168C1F3007141B9216E01267C
:1032400041F010012166616E41F00101616603F0F9
:103250002CFA216EC90600D420B1206E012640F060
:103260001000E0E0206E20F4807040F00200206644
:1032700020688168754D11F0010F1ED1744B754A9D
:10328000984201D0904207D19968976801F00101F6
:1032900007F00107394302E0A96801F0010161B9B3
:1032A000984201D0904201D16B4800E06B4882689F
:1032B000616822F47C120A4382602168A9421FD10E
:1032C000637ED4E90207E26B5B033A43082805D02A
:1032D0000C280FD01C280FD018280FD05FF000004A
:1032E00000F00C0794F8200043EA47031A4342EA2F
:1032F00000400FE00420F3E70820F1E71C20EFE78F
:10330000627E94F82030A768E06B520342EA0342E1
:103310003843104394F82020012A04D1A28C504B4A
:1033200003EB42421043A26A2AB1E36A02F47872C4
:10333000024343EA0200CA68A9420BD1494B1A4032
:103340000243CA602068626B016921F04061114349
:10335000016103E0444B1A400243CA60206803F055
:10336000A4F90746206803F09CF907434ED1206872
:10337000A946484506D1217E94F83820890341EAC0
:10338000420103E0227E216B41EA8231C26844F2AD
:1033900003039A430A43C26094F84400012820685A
:1033A00003D0016921F0010122E048450ED1D4E9A2
:1033B000121CD4E9143502692C4F41EA0C012B434D
:1033C0003A401943114341F0010111E0D4E91317C8
:1033D000B4F848C0DFF89880636D026908EB0C4CC4
:1033E000224D394343EA0C036D1E2A401943114311
:1033F00001612068236C026922F070421A43026165
:103400002068484502D02046FEF704F920690128CB
:1034100020680BD0016B21F00F010163206E20F0BA
:10342000020040F0010020663046DBE6E269016BF5
:10343000521E21F00F011143EFE70000C0FFFF5FB4
:10344000C0FFFF7F400D0300100000240060025801
:103450000020024000210240002302400063025885
:103460000000FEFF0740F0FF03C0F0FF1FF800FC64
:103470000100FFFF2DE9F04F87B006461421684692
:10348000FDF730F9454B002543480324DFF8108150
:103490004FF40067D6F800C0083019684FF480690F
:1034A0003D4AC4454FF4005A4FF4807B01F10101BD
:1034B0003BD10129196007D1116841F02001116049
:1034C000116801F020010591016841F002010160DD
:1034D000016801F002010591016841F020010160DD
:1034E0000068694600F02000059002208DE8310058
:1034F0002C4800F037FC009769462B48CDE9014580
:1035000000F030FC294C4FF0090C294B2046236079
:10351000C4E901C5C4E90359C4E907B5656231E0EE
:10352000B465A66307B0BDE8F08FDFF88880C445B6
:10353000F8D10129196007D1116841F0200111600B
:10354000116801F020010591016841F0010101605D
:103550000068694600F00100059060208DE83100A8
:10356000154800F0FFFB114C4FF00A0C104B78345B
:10357000183B20462360C4E901C5C4E90359C4E9E6
:1035800007B56562C4E9057A00F0AEF80028C7D037
:10359000FEF7A3FBC4E70000D84402580000002453
:1035A00000200240000402580014025824010024A4
:1035B0002800024000210240000002582DE9F04797
:1035C000404E044600689146DFF8FC808A46B042CF
:1035D00001D0404501D13D4900E03D49896801F0F5
:1035E0001F0503F062F800286AD194F85C000128F6
:1035F00066D001204FF0000784F85C0025B1052D4E
:1036000002D0092D00D003E02046FEF7F3F818B1F0
:1036100084F85C70BDE8F087216E40F60163206895
:103620009943404541F48071216600D006468642A8
:1036300000D01DB9206E20F480102066206EC004DA
:1036400004D5606E20F00600606600E067661C200E
:10365000A26D214B1F49D363A36D204A1A64A36D49
:103660001F4ADA642268106084F85C70206842683F
:1036700042F010024260206888420DD194F8381060
:10368000C26822F0030242EA4102C2602068C168B7
:1036900041F00101C16005E0C268216B22F0030224
:1036A0000A43C26021684B46A06D5246403100F08B
:1036B000F9F921680B4B8A681A40121D8A60A9E744
:1036C0000220A7E700200240002102400023024020
:1036D0000063025800600258F91600087B170008C2
:1036E00061170008C0FFFF7F2DE9F05F044600F07E
:1036F00051FC002C07467DD0E24E022120684FF09D
:103700000308DFF884934FF00005DFF880A3B04290
:10371000DFF87CB334D0DB4A1832904230D04845D1
:103720002ED050452CD058452AD0D94A1832904234
:1037300026D0D74A3032904222D0D54A48329042E1
:103740001ED0D44A90421BD0D24A1832904217D091
:10375000D04A3032904213D0CE4A483290420FD0F5
:10376000CC4A603290420BD0CA4A7832904207D09D
:10377000C84A9032904203D0C64AA83290427DD1C6
:1037800084F83510B04284F834502ED0BD49183139
:1037900088422AD0484528D0504526D0584524D0C4
:1037A000BB491831884220D0B949303188421CD0F9
:1037B000B7494831884218D0B649884215D0B54932
:1037C0001831884211D0B349303188420DD0B14907
:1037D0004831884209D0AF496031884205D0AD49AF
:1037E0007831884201D0AB499031016821F0010164
:1037F000016008E025E100BF00F0CCFBC01B0528FC
:1038000001D920211AE120680068C007F4D1D4E969
:1038100002032168103418438E4694E88410D4E9DA
:10382000033809683A4310439B4A40EA0C00676931
:1038300018431140103C40EA0800042F40EA010000
:1038400003D1D4E90B12114308436168A1F12902A5
:10385000052A0BD9163A032A08D9083A012A05D9AC
:10386000083A032A02D97439032901D840F4801098
:10387000CEF800002068676A406900E020E0042F6D
:1038800020F0070047EA00070DD1D4E90A010743F9
:1038900049B12046FEF7E6F828B1402060650121D5
:1038A00084F83510CDE0206847612046FDF7F8FF29
:1038B00094F85C203F2102F01F029140816055E0A6
:1038C000764A90421BD0754B1433984217D0734BF5
:1038D0002833984213D0714B3C3398420FD06F4B32
:1038E000503398420BD06D4B6433984207D06B4BEA
:1038F0007833984203D0694B8C3398427ED184F858
:10390000351084F83450664B0168A26801EA030E52
:10391000402A74D0802A73D05FF00002D4E9037883
:10392000D4E9053142EAD70242EAD8085B4AD4E931
:10393000077C48EAD30848EAD10141EAD70152425C
:1039400041EA1C11142341EA0E0101602068104471
:10395000B0FBF3F08000E0652046FDF7A1FF94F88E
:103960005C20012102F01F02914041602068B042BA
:1039700057D044491831884253D0484551D050451A
:103980004FD058454DD042491831884249D040491E
:103990003031884245D03E494831884241D03D4986
:1039A00088423ED03B49183188423AD039493031BB
:1039B000884236D037494831884232D03549603163
:1039C00088422ED03349783188422AD0314990310B
:1039D000884226D02F49A831884222D02F498842D8
:1039E0001FD02E49143188421BD02C4928318842DF
:1039F00017D02A493C31884213D002E01DE017E07D
:103A000018E02649503188420BD02449643188425D
:103A100007D022497831884203D020498C3188422E
:103A200029D12046FDF796FFA06880280CD00CE035
:103A3000102273E74FF4804270E74021616584F8FB
:103A400035800120BDE8F09F6560216E2079086017
:103A5000D4E9190141606068401E072808D8204653
:103A6000FDF7C6FFE06E0560D4E91C01416002E08D
:103A7000E566256765670120656584F835000020E7
:103A8000E0E7000010000240400002405800024001
:103A900070000240100402403F8010FE085402589B
:103AA0000F00FEFF2DE9F84F04008C464FF0000098
:103AB000009014D094F83400012812D094F83550B6
:103AC0000120002184F83400012D0CD0C002606573
:103AD0000120009084F834100098BDE8F88F012090
:103AE000FBE70220F9E78C4D0226206884F8356058
:103AF000A8428A4D61658A4E8A4FDFF82C82DFF832
:103B00002C92DFF82CA2DFF82CB226D0A84224D0C9
:103B1000B04222D0B84220D040451ED048451CD0EB
:103B200050451AD0584518D08349884215D082494B
:103B30001831884211D08049303188420DD07E49F9
:103B40004831884209D07C496031884205D07A49A1
:103B50007831884201D078499031016821F0010123
:103B6000016061462046FDF7A7FF6B492068884247
:103B70002CD0A8422AD0B04228D0B84226D0404506
:103B800024D0484522D0504520D058451ED06A4AFE
:103B900090421BD0684A1832904217D0664A3032A1
:103BA000904213D0644A483290420FD0624A603249
:103BB00090420BD0604A7832904207D05E4A9032F1
:103BC000904203D05C4AA83290420CD1026822F0A5
:103BD0001E0242F016020260206C88B12068026862
:103BE00042F008020BE0026822F00E0242F00A02E4
:103BF0000260206C20B12068026842F0040202607A
:103C0000206888424BD0A84249D0B04247D0B84241
:103C100045D0404543D0484541D050453FD0584518
:103C20003DD0454A90423AD0434A1832904236D06D
:103C3000414A3032904232D03F4A483290422ED0F0
:103C40003D4A603290422AD03B4A7832904226D098
:103C5000394A9032904222D0374AA83290421ED040
:103C6000364A90421BD0354A1432904217D0334A1C
:103C70002832904213D0314A3C3290420FD02F4A22
:103C8000503290420BD02D4A6432904207D02B4ADA
:103C90007832904203D0294A8C3290420DD1206E66
:103CA0000268D20303D5026842F480720260E06EBB
:103CB00018B1026842F4807202602068884226D0FF
:103CC000A84224D0B04222D0B84220D040451ED0D5
:103CD00048451CD050451AD0584518D0164988423E
:103CE00015D015491831884211D013493031884216
:103CF0000DD011494831884209D00F4960318842BE
:103D000005D00D497831884201D00B4990310168C6
:103D100041F001010160DFE610000240280002408E
:103D200040000240580002407000024088000240FB
:103D3000A0000240B800024010040240085402589B
:103D400070B5044600F026F90546601C02D0044810
:103D50000078044400F01EF9401BA042FAD370BD65
:103D6000040000242DE9F84F03247C4D00234FF07C
:103D700001094FF0B04B4FF00F0AE7E009FA03F6E4
:103D800032407BD00F7907F00307012F01D0022FBB
:103D90001AD187684FEA430ED1F80CC004FA0EF826
:103DA00027EA08070CFA0EFC4CEA070CC0F808C01A
:103DB000476891F804C0B743CCF3001C0CFA03FC2D
:103DC0004CEA070CC0F804C00E79F643B60702D1DE
:103DD0008E68012E0BD0C7684FEA43088E6804FA3C
:103DE00008FC27EA0C0706FA08F63E43C6600E797F
:103DF00006F00306022E12D1DE080F694FEA437C5B
:103E000000EB8606B646366A4FEADC6C0AFA0CF816
:103E100007FA0CF726EA08063743CEF820700F7928
:103E200006684FEA430807F0030704FA08FC07FA9C
:103E300008F726EA0C06374307604E6816F4403F41
:103E40001CD0474E376847F00207376036689F0737
:103E500006F00206009623F0030606F1B046B646C9
:103E60003F0FD6F80864DFF8FC800AFA07FC4045EB
:103E700026EA0C0603D14FF0000C3AE065E0DFF8CB
:103E8000E8C0604502D14FF0010C32E0DFF8DCC041
:103E9000604502D14FF0020C2BE0DFF8D4C0604542
:103EA00002D14FF0030C24E0DFF8C8C0604502D116
:103EB0004FF0040C1DE0DFF8C0C0604502D14FF0A8
:103EC000050C16E0DFF8B4C0604502D14FF0060CD7
:103ED0000FE0DFF8ACC0604502D14FF0070C08E0FE
:103EE000DFF8A0C0604502D14FF0090C01E04FF0AF
:103EF0000A0C0CFA07FC4CEA060CCEF808C44F6812
:103F0000DBF80060FF0226EA020600D516435F4692
:103F1000CBF80060D1F804C0DBF804605FEA8C2CB9
:103F200026EA020600D516437E606E684F6826EAD0
:103F30000206BF0300D516436E602E684F6826EA5E
:103F40000206FF0300D516432E605B1C0A6832FA96
:103F500003F67FF413AFBDE8F88F0000800000582F
:103F6000F4440258000002580004025800080258A5
:103F7000000C025800100258001402580018025891
:103F8000001C0258002402580AB1816170470904DC
:103F9000FBE700000148806870470000040000242F
:103FA000024881680278114481607047040000244F
:103FB000032010B500F0D4F801F068FA0F4A104958
:103FC00014681368C4F3032203F00F038A5CC95C0E
:103FD00002F01F0201F01F01D0400A4A20FA01F14D
:103FE0001160094908600F2000F010F808B10120A5
:103FF00010BD00F079F8002010BD000018440258F0
:104000006C8D0008140000241000002470B50D4DC4
:1040100004462878A0B14FF47A71B1FBF0F00A4958
:104020000968B1FBF0F001F060FD48B9102C07D22F
:1040300000222146501E00F073F800206C6070BD15
:10404000012070BD0400002410000024154BF0B5C1
:10405000083B427813491A600B680A1F23F00103DA
:104060000B6043681360057BC67A827A437B2D0719
:10407000847B45EA0665C77B90F809C0067A90F80C
:1040800000E045EAC24040EA834040EA444040EA5A
:10409000074040EA0C2040EA460040EA0E00086073
:1040A000F0BD0000A0ED00E0BFF35F8F04480021E9
:1040B0000368034A23F48033036070321160704751
:1040C00024ED00E0074A40F001000649703210601C
:1040D000086840F480300860BFF34F8FBFF36F8FE4
:1040E0007047000024ED00E0054808B5016841F084
:1040F00002010160006800F00200009008BD0000AD
:10410000F4440258002809DB410900F01F0289002D
:10411000012001F1E0219040C1F80001704700004A
:104120000E4BF0B41B680D46C3F30223C3F1070620
:10413000042E00D90426191D072901D2002300E00E
:10414000DB1E012404FA06F19C40491E2940641E2E
:10415000994014402143F0BC03F002BF0CED00E095
:10416000064900F0070210B54FF6FF040868044B3B
:10417000204040EA02201843086010BD0CED00E02A
:104180000000FA05134970B50A68D243520705D5F5
:10419000096801F00701814213D118E00A6822F092
:1041A000070202430A60FFF7F5FE0A4D4FF47A76E4
:1041B0000446083D07E000BFFFF7ECFE001BB042DD
:1041C00001D9012070BD2868C0438004F4D40020C8
:1041D00070BD00000C48025810B501F011F90549F6
:1041E0000968054AC1F30211515C01F01F01C84082
:1041F00010BD0000204402586C8D00084A4930B5BB
:10420000494C0B1D0A680C3409681D68246802F0CB
:10421000030305F00102C1F30511C4F3CC04002926
:1042200014FB02F200EE102AF8EE400A76D0414A62
:104230009FED3E1ADFED3E1AB7EE000A23B1012BC7
:104240005AD0022B18D15CE0374C283C23689B06DF
:1042500012D5394B246801EE901A1168C4F3C104D9
:10426000F8EE612AE34001EE903AC1F30801F8EE5E
:10427000611A81EEA22A07E002EE101A1168F8EE28
:10428000422A81EEA22A45E001EE901A1168F8EE6A
:10429000611A40EE811A71EE800A62EE200AC1F3C3
:1042A000462101EE101AB8EE411A31EE001AC0EEA6
:1042B000811ABCEEE11A80ED001A1168C1F30641C3
:1042C00001EE101AB8EE411A31EE001AC0EE811A52
:1042D000BCEEE11A80ED011A1168C1F3066101EE2E
:1042E000101AB8EE411A31EE000A80EE801ABCEEC8
:1042F000C10A80ED020A30BD01EE901ADFED0F2AEF
:1043000003E001EE901ADFED0E2A1168F8EE611A53
:1043100082EEA12AC1F30801B6E7FFE700210160A0
:104320004160816030BD000028440258000000391F
:104330000024744C304402580090D0030024744A86
:1043400020BCBE4B494930B5484C0B1D0A6814349B
:1043500009681D68246802F00303C5F30012C1F365
:104360000531C4F3CC04002914FB02F200EE102A3C
:10437000F8EE400A75D03F4A9FED3D1AB7EE000AAD
:104380006BB1DFED3D1A012B01D0022B64D002EEA0
:10439000101A1168F8EE422A81EEA22A21E0334C6D
:1043A000283C23689B0612D5344B246801EE901AF2
:1043B0001168C4F3C104F8EE612AE34001EE903ABB
:1043C000C1F30801F8EE611A81EEA22A0BE001EEBA
:1043D000901ADFED2B2A00BFF8EE611A116882EE09
:1043E000A12AC1F3080101EE901A1168F8EE611AD2
:1043F00040EE811A71EE800A62EE200AC1F3462176
:1044000001EE101AB8EE411A31EE001AC0EE811A10
:10441000BCEEE11A80ED001A1168C1F3064101EE0D
:10442000101AB8EE411A31EE001AC0EE811ABCEE35
:10443000E11A80ED011A1168C1F3066101EE101A4C
:10444000B8EE411A31EE000A80EE801ABCEEC10AC5
:1044500080ED020A30BD04E001EE901ADFED092A7A
:10446000BAE70021016041608160F3E72844025807
:1044700000000039384402580024744A0090D003E8
:104480000024744C20BCBE4B494930B5484C0B1D30
:104490000A681C3409681D68246802F00303C5F328
:1044A0000022C1F30551C4F3CC04002914FB02F22D
:1044B00000EE102AF8EE400A75D03F4A9FED3D1AF3
:1044C000B7EE000A6BB1DFED3D1A012B01D0022BD4
:1044D00064D002EE101A1168F8EE422A81EEA22A88
:1044E00021E0334C283C23689B0612D5344B2468CA
:1044F00001EE901A1168C4F3C104F8EE612AE3409A
:1045000001EE903AC1F30801F8EE611A81EEA22A99
:104510000BE001EE901ADFED2B2A00BFF8EE611AD6
:10452000116882EEA12AC1F3080101EE901A116808
:10453000F8EE611A40EE811A71EE800A62EE200AEE
:10454000C1F3462101EE101AB8EE411A31EE001AFD
:10455000C0EE811ABCEEE11A80ED001A1168C1F3B9
:10456000064101EE101AB8EE411A31EE001AC0EE03
:10457000811ABCEEE11A80ED011A1168C1F30661DF
:1045800001EE101AB8EE411A31EE000A80EE801AE0
:10459000BCEEC10A80ED020A30BD04E001EE901AC3
:1045A000DFED092ABAE70021016041608160F3E78D
:1045B0002844025800000039404402580024744A3C
:1045C0000090D0030024744C20BCBE4B2DE9F04F6A
:1045D000A14A0546DFF87CA280F48070DFF8809263
:1045E00089B013119F4C08439C48AAF104064FF070
:1045F000805C4FF0005828D0DFF858B285F480670F
:104600000F430BF1080B4FD085F400670F4360D0C8
:1046100085F480570F4372D085F400570F434FF451
:1046200080394FF4003E69D085F400270F4373D0E2
:1046300085F480370F4370D085F480460E436DD0EB
:1046400085F400420A436AD02AE0DAF8001001F04B
:104650000701052924D2DFE801F0F9AA6A259F00A5
:1046600006A8FFF7CBFD079809B0BDE8F08F6846B4
:10467000FFF768FE0098F7E703A8FFF705FF039828
:10468000F2E72068C0F3C10022FA00F0ECE72268EC
:10469000D2056ED561456CD11846E5E74145E3D0BA
:1046A0000020E1E74846DFE7DBF8001001F4600195
:1046B000B1F5800F3BD005DC00294AD0B1F5001FD1
:1046C000EED174E0B1F5C00FECD0B1F5000FE7D139
:1046D00062E0DBF8001001F0E061B1F1007F26D06C
:1046E00004DCB1B3B1F1807FDAD160E0B1F1407F99
:1046F000D8D0B1F1806FD3D14EE000E01BE0DAF802
:10470000001001F4E041B1F5005F10D008DC01B306
:10471000B1F5805FC4D14AE035E058E065E088E05B
:10472000B1F5405FBED0B1F5804FB9D134E020681B
:104730008000B5D5A0E7DAF8001001F4E021B1F56A
:10474000403F6DD006DC61B149457BD07145A7D1B2
:1047500058E07BE0B1F5802F66D0B1F5A02F9FD156
:104760000DE000F06FFE7FE76846FFF7EBFD019874
:104770007AE728E003A8FFF787FE049874E721682A
:1047800089038AD48CE7DBF8001011F440310ED095
:10479000494510D0714583D13168256801F04051F9
:1047A0006D077FF574AF00297FF471AF69E720686A
:1047B0000001E7D55BE720688000E3D503A8FFF799
:1047C00063FE059850E722689203DBD566E7306800
:1047D00010F480303AD04845D4D120680001D1D5BA
:1047E0006846FFF7AFFD02983EE7DBF8001001F0E6
:1047F000E041B1F1405F13D008DC71B1614521D0D7
:104800004145BFD120688000B4D449E7B1F1804F61
:104810000AD0B1F1A04FB2D042E7FFF7DDFC23E7A9
:1048200020684007AED52CE72068C005AAD533E73D
:1048300008E0DAF8001011F04051A0D0614505D031
:1048400041459FD1206800018ED429E7206880016E
:1048500098D505E7504402580090D00340787D0178
:104860000080BB00004402582DE9FE4F0546DFF8EA
:1048700000A450F8081B0024FD4FC943019005F126
:10488000280026460AF1240A009008011DD4686E0B
:1048900050B1B0F5801F0CD0B0F5001F0ED0B0F5B0
:1048A000401F1ED001240FE0386840F4003038600B
:1048B00017E00198022102F039FA03E00098022182
:1048C00002F0C4FA04000CD026462888C043C00574
:1048D00023D4A86D05281ED2DFE800F00C11161BAA
:1048E0001B006A6EDAF8001021F440111143CAF877
:1048F0000010EAE7386840F40030386009E00198B9
:10490000002102F013FA03E00098002102F09EFA61
:104910000446C4B100E0012426462888DFF850830D
:10492000C04308F12C0840052FD4D5F8A400B0F5F9
:10493000C00F28D010DCB8B1B0F5001F19D0B0F509
:10494000800F0FD11AE0AA6DDAF8001021F00701EC
:104950001143CAF80010E0E7B0F5000F13D0B0F52E
:10496000200F10D001240FE0386840F40030386088
:1049700009E00198002102F0D9F903E00098002134
:1049800002F064FA044694B126462888C043000524
:1049900030D4D5F8A800B0F1407F29D011DCC0B1E7
:1049A000B0F1807F1AD0B0F1007F10D11BE0D5F8B4
:1049B000A420D8F8001021F460011143C8F80010B9
:1049C000E3E7B0F1806F13D0B0F1A06F10D00124F5
:1049D0000FE0386840F40030386009E001980021A9
:1049E00002F0A4F903E00098002102F02FFA044637
:1049F00094B126462868DFF878B2C0430BF1200B4B
:104A000080011FD4E86CD8B110280FD0202812D014
:104A1000302815D0012414E0D5F8A820D8F80010CB
:104A200021F0E0611143C8F80010E3E7386840F472
:104A30000030386004E00198022102F077F9044662
:104A400074B126462888C043C0042BD4E86DB0F565
:104A5000005F20D00DDCA0B1B0F5805F0FD115E074
:104A6000EA6CDBF8001021F030011143CBF80010A4
:104A7000E8E7B0F5405F13D0B0F5804F10D00124C7
:104A80000FE0386840F40030386009E001980021F8
:104A900002F04CF903E00098002102F0D7F9044637
:104AA0008CB126462888C043800429D4286EB0F5EE
:104AB000403F23D010DC08B3B0F5803F14D0B0F5F0
:104AC000003F0FD115E0EA6DDAF8001021F4E04163
:104AD0001143CAF80010E5E7B0F5802F0ED0B0F50D
:104AE000A02F0BD001240AE00198012102F01EF949
:104AF00003E00098012102F0A9F9044694B126468A
:104B00002888C04340042AD4D5F8AC00B0F1405FF7
:104B100023D010DC08B3B0F1805F14D0B0F1005F97
:104B20000FD115E02A6EDAF8001021F4E0211143CC
:104B3000CAF80010E4E7B0F1804F0ED0B0F1A04FFA
:104B40000BD001240AE00198012102F0EFF803E004
:104B50000098012102F07AF9044674B126462888AB
:104B6000C04300041FD4E86ED8B1B0F1805F0ED00E
:104B7000B0F1005F10D0012414E0D5F8AC20D8F8D3
:104B8000001021F0E0411143C8F80010E7E7386851
:104B900040F40030386004E00198012102F0C6F8CA
:104BA000044674B126462868C043C0011ED4A86CD0
:104BB000D0B101280ED0022811D0032814D001242E
:104BC00013E0EA6EDAF8001021F040511143CAF800
:104BD0000010E8E7386840F40030386004E00198DD
:104BE000022102F0A3F804466CB126462868C043AF
:104BF000400255D41F48016841F480710160FFF7FD
:104C0000C9F981460EE0AA6CDBF8001021F003011F
:104C10001143CBF80010E9E7FFF7BCF9A0EB09005E
:104C200064283BD813480068C005F5D5BCBBDFF845
:104C30004090B5F8B01009F14409D9F8000001F42A
:104C4000407100F44070884211D0D9F80010D9F8B2
:104C5000002021F4407142F48032C9F80020D9F8D4
:104C6000002022F48032C9F80020C9F8001003E0C7
:104C70002C44025800480258D5F8B000B0F5807FA7
:104C800019D1FFF787F9029011E000BFFFF782F911
:104C90000299411A41F28830814208D903242646FC
:104CA0002878DFF81494C043C00721D03CE0D9F83D
:104CB00000008007EAD5D5F8B010C1F30120032821
:104CC000FE480DD0016821F47C510160B5F8B02098
:104CD000D9F80010C2F30B021143C9F80010DFE746
:104CE000F74A036802EA111223F47C511143ECE7FE
:104CF000A86F182816D005DCA0B1082808D0102805
:104D000004D10AE020280DD028280BD001240AE085
:104D10000198012102F00AF803E00098012102F055
:104D200095F8044664B126462878C04380071ED40F
:104D3000686F062819D2DFE800F0160C1116161657
:104D4000AA6FD9F8001021F038011143C9F80010FA
:104D5000EAE70198012101F0E9FF03E00098012151
:104D600002F074F804467CB100E00124264628785D
:104D7000C04340071FD4D5F89000062819D2DFE8B9
:104D800000F0160C111616166A6FD9F8001021F0F3
:104D900007011143C9F80010E9E70198012101F06A
:104DA000C5FF03E00098012102F050F80446A4B1C9
:104DB00000E0012426462878C04380062BD4D5F88D
:104DC0008C00B0F1405F24D011DC10B3B0F1805FF3
:104DD00015D0B0F1005F10D116E0D5F89020D8F8CA
:104DE000001021F007011143C8F80010E3E7B0F10B
:104DF000804F0ED0B0F1A04F0BD001240AE00198F3
:104E0000002101F093FF03E00098022102F01EF858
:104E1000044694B126462878C04340062BD4D5F8E2
:104E20009800B0F5406F24D011DC10B3B0F5806F5E
:104E300015D0B0F5006F10D116E0D5F88C20D9F858
:104E4000001021F0E0411143C9F80010E3E7B0F58C
:104E5000805F0ED0B0F5A05F0BD001240AE001986E
:104E6000002101F063FF03E00098022101F0EEFF52
:104E7000044694B126462878C04300062BD4D5F8C2
:104E80009C00B0F5C04F24D011DC10B3B0F5005F2A
:104E900015D0B0F5804F10D116E0D5F89820D8F88D
:104EA000001021F4E0511143C8F80010E3E7B0F519
:104EB000004F0ED0B0F5204F0BD001240AE001982E
:104EC000002101F033FF03E00098022101F0BEFF52
:104ED000044654B126462878C04300071ED4D5F8AE
:104EE0008000B0F5805F0AD00FE0D5F89C20D8F89C
:104EF000001021F460411143C8F80010EBE700985E
:104F0000022101F0A3FF00B10126D5F88020D9F8D5
:104F1000001021F440511143C9F800102878C04313
:104F2000C00613D4D5F89400B0F5807F05D1009861
:104F3000022101F08BFF00B10126D5F89420D8F8AA
:104F4000001021F440711143C8F800102868C043D4
:104F5000000316D4D5F8A00038B1B0F5803F09D0D1
:104F6000B0F5003F0BD001240AE00198002101F0C8
:104F7000DDFE03E00098022101F068FF04468CB1D9
:104F800026462868C043400322D4D5F88400B0F5F3
:104F9000801F11D0B0F5001F13D0B0F5401F15D001
:104FA000012414E0D5F8A020D8F8001021F44031F5
:104FB0001143C8F80010E4E7386840F40030386066
:104FC00004E00098012101F041FF04465CB126464F
:104FD0002868C043C0031CD4286D70B1B0F5803F71
:104FE00010D0012414E0D5F88420D9F8001021F461
:104FF00040111143C9F80010EAE7386840F4003066
:10500000386004E00198022101F090FE0446DCB112
:1050100026462868C043800005D40098022101F08C
:1050200015FF00B101262868C04380031BD4E86F38
:10503000B8B1B0F5807F10D0B0F5007F11D0B0F5D9
:10504000407F0ED001240DE02A6DDBF8001021F422
:1050500080311143CBF80010DBE7386840F40030B2
:1050600038607CB326462868C043C00207D42A6F44
:10507000DAF8001021F000411143CAF80010286846
:10508000C043800207D4AA6EDAF8001021F08071C4
:105090001143CAF800102868C043400009D40748EB
:1050A000016821F4004101600168D5F8B420114382
:1050B00001602868C04306E0544402581044025876
:1050C000CFFFFF001DE007D46A6DDBF8001021F070
:1050D00040511143CBF800102868C043000208D4A7
:1050E000D5F88820D9F8001021F440011143C9F8FF
:1050F000001028790024C04300F00100204309D0AB
:105100000EE0EA6FD9F8001021F440711143C9F89C
:105110000010A8E70198002101F008FE00B1064642
:105120002879C04300F00200204305D101980121F5
:1051300001F0FCFD00B106462879C04300F00400F0
:10514000204305D10198022101F0F0FD00B106468F
:105150002879C04300F00800204305D100980021C1
:1051600001F074FE00B106462879C04300F010003B
:10517000204305D10098012101F068FE00B10646E8
:105180002879C04300F02000044304D10098022194
:1051900001F05CFE00B916B10120BDE8FE8F0020D1
:1051A000FBE700002DE9F05F04000F467ED0DFF83A
:1051B0003882D8F8000000F00F00B8420CD2D8F8BE
:1051C000001021F00F013943C8F80010D8F8000092
:1051D00000F00F00B84269D12078844D40070AD50D
:1051E0002069296801F07001884204D9296821F0FA
:1051F00070010143296020787C4E361D00070AD5D6
:105200006069316801F07001884204D9316821F089
:105210007001014331602078C0060AD5A069316869
:1052200001F4E061884204D9316821F4E06101436E
:1052300031602078DFF8B4B180060BF1080B0CD593
:10524000E1695846DBF8002002F07002914204D96F
:10525000026822F070020A430260207880070AD5B3
:10526000E068296801F00F01884204D9296821F01B
:105270000F01014329602078C0073ED05B49A26836
:105280002868183920F4706010432860606802288C
:1052900018D0032819D00968012819D04907002916
:1052A0004ADADFF848A1AAF1080A00E044E0DAF897
:1052B000002022F007020243CAF80020FEF76AFE2F
:1052C000814612E009688903E9E709688901E6E790
:1052D000C905E4E7FEF75EFEA0EB090141F2883064
:1052E000814202D90320BDE8F09F6168DAF800002E
:1052F00000F03800B0EBC10FECD1207880070AD560
:10530000E068296801F00F01884204D2296821F081
:105310000F0101432960D8F80010404601F00F0149
:10532000B9420BD9016821F00F01394301600068CF
:1053300000F00F00B84201D00120D4E720784007E8
:105340000AD52069296801F07001884204D22968D1
:1053500021F0700101432960207800070AD56069B7
:10536000316801F07001884204D2316821F0700187
:10537000014331602078C0060AD5A069316801F484
:10538000E061884204D2316821F4E0610143316078
:10539000207880060CD5E1695846DBF8002002F041
:1053A0007002914204D2026822F070020A43026045
:1053B00000F06CF80E492A682B68C2F3032203F050
:1053C0000F038A5CC95C02F01F0201F01F01D0408C
:1053D000084A20FA01F1116007490860074800688F
:1053E000BDE8F05FFEF712BE0020005218440258DC
:1053F0006C8D000814000024100000240800002414
:1054000030B500F043F80B4A0B490C4B1568146893
:10541000C5F3032204F00F048A5C095D02F01F0249
:1054200001F01F01D040064A20FA01F11960106016
:10543000084630BD184402586C8D00081400002442
:105440001000002400B5FFF7DBFF05490968054A95
:10545000C1F30211515C01F01F01C84000BD000002
:105460001C4402586C8D000800B5FFF7C9FF0549C0
:105470000968054AC1F30221515C01F01F01C840CF
:1054800000BD00001C4402586C8D0008454970B5F1
:1054900045480968434B103B11F0380208D0011110
:1054A000082A03D0102A0BD0182A0BD0084670BD4A
:1054B00019688906FBD51968C1F3C101C84070BDE0
:1054C0003A4870BD3749374D18310C1D24350A68EC
:1054D000096826682D6802F0030406F00102C1F392
:1054E0000511C5F3CC0515FB02F200EE102AB8EE4B
:1054F000400AE9B32F4ADFED2E0AB7EE001A6CB16D
:10550000DFED2D1A012C01D0022C43D002EE101A2F
:105510001068F8EE422A81EEA22A1EE01C68A4065A
:1055200011D51B6801EE901A1168C3F3C103F8EEA0
:10553000612AD84001EE900AC1F30800F8EE611A22
:1055400081EEA22A0BE001EE901ADFED1C2A00BFCB
:10555000F8EE611A106882EEA12AC0F3080001EE8D
:10556000900AF8EE611A40EE201A31EE810A00E04E
:1055700015E022EE000A1068C0F34620401C00EE41
:10558000900AF8EE600A80EE201ABCEEC10A10EE16
:10559000100A70BD01EE901ADFED092AD8E700204D
:1055A00070BD0000104402580090D00340787D0187
:1055B00000000039304402580024744A0024744C1E
:1055C00020BCBE4B2DE9F05F04007DD0FF4F20785A
:1055D000FE4D1837DFF8F483103DC00748D0D8F8E7
:1055E0000000396800F03800102815D0182803D1C1
:1055F00001F0030002280FD06068B0F5803F12D0A0
:1056000010B1B0F5A02F18D0286820F480302860A1
:10561000286820F4802009E02868800328D5606885
:105620000028D2D024E0286840F4803028606068E8
:1056300088B1FEF7AFFC064609E0286840F48020F8
:105640002860F0E7FEF7A6FC801B64287ED8286857
:105650008003F7D50CE0FEF79DFC064605E000BF91
:10566000FEF798FC801B6428F0D828688003F7D4E4
:105670002078800756D5D8F80000DFF850933968B5
:1056800010F03800A9F10C090ED0182801D18807B4
:105690000AD0E068A8B3296821F019010143296004
:1056A000FEF778FC064628E02868400702D5E06847
:1056B00000288AD0E168286820F019000843286093
:1056C000FEF768FC064606E0D2E000BFFEF762FC8B
:1056D000801B0228BAD828684007F7D5217CD9F862
:1056E000002022F0FE4242EA0161C9F8001019E0F0
:1056F000FEF750FC801B0228A8D828684007F7D581
:10570000ECE7FFE7286820F001002860FEF742FC84
:10571000064604E0FEF73EFC801B022896D8286867
:105720004007F7D42078C00646D5D8F80000DFF847
:105730009C92396800F03800A9F10409082812D0B9
:10574000182805D101F00300012800E0CEE00AD0BE
:10575000E0690028286820D040F080002860FEF72B
:1057600019FC064615E02868C00502D5E0698028C6
:105770007ED194F82010D9F8002022F07C5242EA21
:105780000161C9F8001017E0FEF704FC801B022835
:10579000A0D82868C005F7D5EBE720F08000286086
:1057A000FEF7F8FB064604E0FEF7F4FB801B022838
:1057B00090D82868C005F7D42078000729D58348F9
:1057C0006169643000298146016811D041F001010E
:1057D0000160FEF7DFFB064605E000BFFEF7DAFBDF
:1057E000801B022888D8D9F800008007F6D510E081
:1057F00021F001010160FEF7CDFB064605E000BF88
:10580000FEF7C8FB801B022870D8D9F8000080077B
:10581000F6D42078800623D5A0690028286810D007
:1058200040F480502860FEF7B5FB064605E000BF57
:10583000FEF7B0FB801B022858D828688004F7D5F3
:105840000EE020F480502860FEF7A4FB064604E03A
:10585000FEF7A0FB801B022848D828688004F7D4F4
:105860002078400751D5DFF86891D9F8001000E0A2
:1058700015E141F48071C9F80010FEF78BFB064674
:1058800005E000BFFEF786FB801B64282ED8D9F800
:105890000000C005F6D54D4EA068603601280AD03C
:1058A00008B1052813D0306820F00100306030685E
:1058B00020F0040002E0306840F001003060A06891
:1058C00041F2883A98B1FEF765FB81460AE03068FC
:1058D00040F004003060EEE7FEF75CFBA0EB09014E
:1058E000514503D830688007F6D50EE072E0FEF728
:1058F00051FB814606E000BFFEF74CFBA0EB09011F
:10590000514567D830688007F6D4606A00287CD09B
:10591000DFF8B8A0D8F800100AF1200A4FF6F87B9B
:105920000AF10408C1F3C2010329AAF104096DD0E8
:105930000228286820F08070286003D0FEF72AFB38
:10594000044681E0FEF726FB064604E0FEF722FB54
:10595000801B022875D828688001F7D4E26A40F2DB
:10596000F331386854F8283F884340EA021018435E
:105970003860217B4FF4FE0C22894FF0FE47208ACD
:105980004902267D521E401EA1F5007189B2C2F364
:1059900008021143761E0CEA00400143484607EA1C
:1059A00006621143CAF80010D9F8001021F0010175
:1059B000C9F80010D8F80030266A23EA0B0343EA3E
:1059C000C601C8F80010D9F8001004E010440258CD
:1059D0000048025835E0A26921F00C011143C9F8D2
:1059E00000100168E26921F00201114301600168C1
:1059F00041F480310160016841F4003101600168C7
:105A000041F480210160016801E06CE020E041F098
:105A100001010160286840F080702860FEF7BAFA42
:105A2000044604E0FEF7B6FA001B022809D82868ED
:105A30008001F7D557E000BFFEF7ACFA001B022843
:105A400002D90320BDE8F09F28688001F4D44AE021
:105A500039680128DAF8000021D0A26A01F00303B6
:105A600093421CD1E26AC1F305118A4217D1216B1E
:105A7000C0F30802491E8A4211D1616BC0F346226D
:105A8000491E91420BD1A16BC0F30642491E9142BF
:105A900005D1E16BC0F30660491E814201D00120AF
:105AA000D0E7A16C4646D8F80000C0F3CC00814294
:105AB00019D0D9F800004D4620F00100C9F80000C7
:105AC000FEF768FA4FEA0007FEF764FAB842FBD027
:105AD000A26C306820EA0B0040EAC20030602868FF
:105AE00040F0010028600020ACE7401EB0F1807F4C
:105AF00010B501D3012010BD4FF0E02460610F21EB
:105B0000601702F02DFA0020A0610721216110BD6D
:105B10007047704770470000F0B590F83C20012AAC
:105B200043D0012280F83C20D1E90242204ECD69C9
:105B300022F440722243D1E9004322F480621A43E6
:105B400022F400622243D1E9043422F480521A4341
:105B50000B6B22F4005222430C8B22F480421A4336
:105B6000036822F4702242EA0442002422F08052A8
:105B7000B34242EA050202D00E4DAB4210D10F8D66
:105B800022F4700CD1E90862CD6A4CEA075121F089
:105B90008071314321F00071114321F000522A43FA
:105BA0005A6480F83C400020F0BD0220F0BD0000A7
:105BB0000000014000040140F0B590F83C20012AAB
:105BC00041D0224E012480F83C40022280F83D2042
:105BD00002681F4D5368B242D2F808C001D0AA42F1
:105BE00003D14F6823F470033B430F6823F0700325
:105BF0001F4357600268B24219D0B2F1804F16D0ED
:105C0000144B9A4213D0144B9A4210D0134B9A4221
:105C10000DD0AA420BD0124B9A4208D0114B9A4297
:105C200005D0114B9A4202D0104B9A4204D1896898
:105C30002CF0800319439160002180F83D4080F8EA
:105C40003C100846F0BD0220F0BD000000000140FD
:105C5000000401400004004000080040000C004027
:105C6000001800400040014000E0004000E4004017
:105C700010B5040003D094F83D0010B107E00120F6
:105C800010BD002084F83C00204600F023F80220DC
:105C900084F83D002068211D01F078FB012084F884
:105CA000480084F83E0084F83F0084F8400084F8FF
:105CB000410084F8420084F8430084F8440084F8EA
:105CC000450084F8460084F8470084F83D00002031
:105CD00010BD000008B5154A0168154891420ED163
:105CE000016841F00101016000680022114600F0E6
:105CF000010000901920FEF713FA192010E00D4A58
:105D0000914211D1016841F0020101600068002256
:105D1000114600F0020000902C20FEF701FA2C2022
:105D2000BDE80840FEF7EEB908BD000000000140E4
:105D3000F04402580004014090F83D10012901D0C0
:105D4000012070471A4A022180F83D100168CB6893
:105D500043F00103CB60006890421AD0B0F1804F4D
:105D600017D01449884214D01349884211D01349DE
:105D700088420ED0124988420BD01249884208D07E
:105D80001149884205D01149884202D01049884201
:105D900007D181680F4A1140062906D0B1F5803F2E
:105DA00003D0016841F0010101600020704700004C
:105DB000000001400004004000080040000C0040CA
:105DC00000040140001800400040014000E0004095
:105DD00000E400400700010070B5044690F83C0064
:105DE0000025012814D03A4B012684F83C6002209B
:105DF00084F83D0022689068184020F47F4090604D
:105E0000086870282FD010DC10F00F0F03D022E0AC
:105E10004FF0020070BD4FEA2012072A1BD2DFE8C4
:105E200002F0535353534B394100B0F1101F4BD084
:105E300009DCB0F5805F0FD0B0F5005F1ED0B0F583
:105E4000801F08D140E0A0F5801120393CD01029F6
:105E50003AD0202938D0012584F83D60002084F80C
:105E60003C00284670BD4A682068D1E9021301F061
:105E70000AFB2068816841F0770109E04A682068E0
:105E8000D1E9021301F0FFFA2068816841F48041F2
:105E90008160E1E7CA684968206801F0A9FC2068D0
:105EA000502106E0CA684968206801F0CFFC2068EC
:105EB000602101F0F1FACFE7CA684968206801F073
:105EC00097FC20684021F4E7226801461046F0E77D
:105ED00088FFCEFF70472DE9F04104460068002797
:105EE000C6680569A90713D5B10711D5FA1E026165
:105EF00001212177206880698007204602D0FFF7C2
:105F0000E9FF04E000F0D2F8204600F094F927778A
:105F1000680716D5700714D5226802206FF00401B7
:105F2000116120772068806910F4407F204602D0FC
:105F3000FFF7D0FF04E000F0B9F8204600F07BF94D
:105F40002777280715D5300713D5226804206FF06E
:105F50000801116120772068C0698007204602D0BF
:105F6000FFF7B8FF04E000F0A1F8204600F063F965
:105F70002777E80616D5F00614D5226808206FF0BA
:105F80001001116120772068C06910F4407F20461D
:105F900002D0FFF79FFF04E000F088F8204600F0F1
:105FA0004AF92777E80708D0F00706D021686FF094
:105FB00001000861204600F0D1F9280601D4A804A8
:105FC00008D5300606D521686FF4025008612046D6
:105FD000FFF79FFDE80508D5300606D521686FF468
:105FE000807008612046FFF793FD680608D57006AB
:105FF00006D521686FF040000861204600F0D2F914
:10600000A8060AD5B00608D521686FF020000861FF
:106010002046BDE8F041FFF77DBDBDE8F0810000FE
:1060200010B586B0044614216846FAF75BFB1A4A9D
:1060300000212368194893424FF0020212D10368ED
:1060400043F010030360006802AC012300F010006D
:1060500005904FF42850CDE9000284E80E00104866
:10606000694614E00F4CA34213D1036843F00403C4
:1060700003600068032300F0040005904FF4E07013
:106080000090CDE90121CDE9031307486946FDF7EA
:1060900069FE06B010BD000000000140E044025857
:1060A000001002580004014000080258704770B503
:1060B000044690F83C0000260D4601280BD0012034
:1060C00084F83C000C2A4AD007DC82B1042A20D094
:1060D000082A06D131E0022070BD102A53D0142ABC
:1060E00063D00126002084F83C00304670BD206853
:1060F00001F0DCF92068816941F0080181612068C4
:10610000816921F00401816120682A698169114354
:1061100011E0206801F020FA2068816941F40061F3
:1061200081612068816921F4806181612068296929
:10613000826942EA01218161D4E7206801F05AFABC
:106140002068C16941F00801C1612068C16921F07E
:106150000401C16120682A69C169114311E0206806
:1061600001F096FA2068C16941F40061C1612068BC
:10617000C16921F48061C16120682969C26942EA6C
:106180000121C161AEE7206801F0BEFA2068416DCF
:1061900041F0080141652068416D21F0040141652D
:1061A00020682A69416D114311E0206801F0E6FA88
:1061B0002068416D41F4006141652068416D21F422
:1061C0008061416520682969426D42EA012141658B
:1061D00088E710B5040003D094F83D0010B107E043
:1061E000012010BD002084F83C00204600F022F879
:1061F000022084F83D002068211D01F0C7F801202D
:1062000084F8480084F83E0084F83F0084F8400099
:1062100084F8410084F8420084F8430084F8440084
:1062200084F8450084F8460084F8470084F83D006F
:10623000002010BD7047704730B504464FF0020291
:1062400069B1042912D0082917D00C291CD01029B3
:1062500021D094F84300012824D0012030BD94F8C7
:106260003E000128F9D184F83E201DE094F83F005B
:106270000128F2D184F83F2016E094F8400001286C
:10628000EBD184F840200FE094F841000128E4D1DC
:1062900084F8412008E094F842000128DDD184F818
:1062A000422001E084F843200122206801F0DEF85A
:1062B0001E4920681E4A1F4B884209D0904207D0D1
:1062C000984205D01C4DA84202D01C4DA84203D1D3
:1062D000456C45F4004545642068884218D0B0F10B
:1062E000804F15D01649884212D0164988420FD0E7
:1062F000154988420CD090420AD01449884207D0F0
:10630000984205D01249884202D01249884207D1EA
:106310008168114A1140062906D0B1F5803F03D0AB
:10632000016841F001010160002030BD0000014022
:106330000004014000400140004401400048014089
:106340000004004000080040000C0040001800401D
:1063500000E0004000E400400700010070B50E4975
:10636000044600680D4D884207D10220FCF778F8FA
:10637000002228468021FDF707FE0949206888424F
:1063800009D10120FCF76CF82846BDE870400122D5
:106390008021FDF7F9BD70BD0000014000180258D2
:1063A00000040140704730B590F88410012918D0DE
:1063B000012280F884202421C0F8881000222024A3
:1063C00001680B680D6823F0005325F001050D608E
:1063D000426601680B60C0F8884080F8842010464F
:1063E00030BD022030BD70B5044690F8840001280D
:1063F0001DD0012284F884202420C4F8880020685D
:106400000568026822F0010202602068826822F0BA
:1064100060620A438260204601F038FA2268202137
:1064200000201560C4F8881084F8840070BD022034
:1064300070BD70B5044690F8840001281DD001227B
:1064400084F884202420C4F8880020680568026845
:1064500022F0010202602068826822F060420A4352
:106460008260204601F012FA226820210020156087
:10647000C4F8881084F8840070BD022070BD10B587
:10648000040003D0D4F8880010B107E0012010BD4B
:10649000002084F88400204600F026F82420C4F868
:1064A00088002068016821F001010160A06A10B134
:1064B000204601F00DFA204601F0EEFA0128E6D060
:1064C0002068416821F4904141602068816821F092
:1064D0002A0181602068016841F0010101602046C5
:1064E000BDE8104001F058BAF0B5B5B0044614212B
:1064F0002EA8FAF7F7F8B8216846FAF7F3F8324E03
:10650000022732492068103E2F4D0024884225D1B1
:1065100000201E940121CDE900106846FEF7A4F981
:1065200008B1FBF7DAFB286840F0200028602868F3
:1065300000F020003390306840F040003060306858
:10654000072100F0400033904FF484402E90CDE9B5
:106550002F74CDE931411E482EA931E01D498842F2
:1065600030D100201E940121CDE900106846FEF7CD
:106570007BF908B1FBF7B1FB286840F08000286088
:10658000286800F080003390306840F010003060E0
:1065900030682EA9104D00F01000339004202E908A
:1065A000CDE92F74CDE931402846FDF7DBFB0B2107
:1065B00008202E90CDE92F74CDE931412EA928462F
:1065C000FDF7D0FB35B0F0BDF04402580014014097
:1065D00000180258001C0140001002582DE9F84F25
:1065E0000446D0F88800984615460E46202802D06A
:1065F0000220BDE8F88F96B38DB300214FF021093A
:10660000C4F89010C4F888901834FDF7C3FC824693
:1066100054F8100CA587E587183CB0F5805F01D1D0
:10662000206910B13546002600E000255FF0200704
:10663000B4F8560053464FF00002CDF80080E0B1A8
:106640008021204601F016FCE0B955B115F8010B88
:1066500021688862D4F8881039EA010007D0012047
:10666000C7E736F8020B2168C0F30800F1E7B4F879
:106670005600401EA4F85600DAE74021204601F0FB
:10668000F9FB18B1C4F888700320B2E7C4F8887029
:106690000020AEE7FEE700EB8100006E00F0F8405E
:1066A00070478068C0F3C00070478068C0F3800006
:1066B00070478068C0F380007047C06810F4406F76
:1066C00001D00020704701207047000000EB8101DD
:1066D000034B51F8600F20F00040104308607047F2
:1066E00000600258F0B58DB000246846242109945A
:1066F0000A940B94F9F7F6FF26480425244A012151
:1067000002270326C0E9002484604FF49C62C0E99C
:10671000041504768B024476C76180F820408262BB
:106720004022C4630464C0E90B3680F84410C0E919
:106730001441C0E91252FCF749FD08B1FBF7CDFA4C
:10674000144809A90994FCF789F908B1FBF7C5FABF
:106750001148062140F2FF7203928DE823000D4894
:106760006946CDE904548DF82140FCF70BFA08B1D5
:10677000FBF7B3FA0C210948CDE900010548694649
:10678000FCF700FA002801D0FBF7A7FA0DB0F0BD26
:106790000020024044000024040060082000F0149F
:1067A000F0B589B024216846F9F79CFF23480024FE
:1067B000214A042501210227C0E9002484604FF406
:1067C000A462C0E904150476032644768B02C761EF
:1067D00080F8204082624022C4630464C0E90B3622
:1067E00080F84410C0E91441C0E91252FCF7EEFCF5
:1067F00008B1FBF772FA1248062140F2FF720392C9
:106800008DE823000D486946CDE904548DF82140F8
:10681000FCF7B8F908B1FBF760FA0C210948CDE99B
:10682000000106486946FCF7ADF9002801D0FBF7E6
:1068300054FA09B0F0BD000000210240B400002469
:106840000800900C0000B84F054808B5016841F0F9
:1068500001010160006800F00100009008BD000027
:10686000D84402582DE9F04387B014216846F9F75F
:1068700039FF3E48016841F010010160016801F0F4
:1068800010010591016841F080010160016801F08B
:1068900080010591016841F001010160016801F08A
:1068A00001010591016841F004010160016801F0F6
:1068B00004010591016841F002010160016801F0E5
:1068C00002010591016841F020010160016801F0B9
:1068D00020010591016841F040010160006800223B
:1068E000234E102100F0400005903046FDF74CFB90
:1068F000204F012220213846FDF746FBDFF8788043
:10690000012211464046FDF73FFBDFF87090002260
:1069100080214846FDF738FB0024694601251020F8
:106920000090CDE9015430460394FDF71BFA02268E
:1069300069462020CDE90005CDE902463846FDF73D
:1069400011FA0396694600954046CDE90154FDF7DA
:1069500009FA80200090CDE9015469464846039425
:10696000FDF700FA07B0BDE8F0830000E0440258EC
:10697000001002580008025800040258001802587B
:1069800070B59CB000241C21009407A801940294C7
:106990000394049405940694F9F7A4FE34210EA8F8
:1069A000F9F7A0FE3F4820223D490125802641F20B
:1069B0007B53E0E8021480E87C003A48FFF758F97E
:1069C00008B1FBF78AF94FF48050009035486946CA
:1069D000FFF702FA08B1FBF780F93248FFF7F9FB3D
:1069E00008B1FBF77AF970252E48CDE9045404A9C3
:1069F0000694FFF7E1F808B1FBF76FF940F6BD2008
:106A00000795CDE908042748002207A90A940B94AA
:106A10000C940D94FFF74BFB08B1FBF75EF921488E
:106A2000042207A9FFF743FB08B1FBF756F91D48FD
:106A3000082207A9FFF73BFB08B1FBF74EF941F22B
:106A4000FB4160200C22CDE90701164807A9FFF79A
:106A50002EFB08B1FBF741F94FF480700E94410111
:106A6000CDE90F4042041194CDE912410D480EA921
:106A7000CDE91642149418941A94FFF74DF808B112
:106A8000FBF72BF9074804A90495FFF795F808B11F
:106A9000FBF723F90348FFF7C3FA1CB070BD0000F1
:106AA000000001401402002470B59CB000241C2199
:106AB000009407A801940294039404940594069406
:106AC000F9F710FE34210EA8F9F70CFE3E482022FB
:106AD0003C490125802641F69773E0E8021480E8DE
:106AE0007C003948FFF7C4F808B1FBF7F6F84FF41B
:106AF0008050009034486946FFF76EF908B1FBF703
:106B0000ECF83148FFF765FB08B1FBF7E6F87025B4
:106B10002D48CDE9045404A90694FFF74DF808B1B7
:106B2000FBF7DBF840F6CB700795CDE90804264863
:106B3000002207A90A940B940C940D94FFF7B7FA5E
:106B400008B1FBF7CAF82048042207A9FFF7AFFAFB
:106B500008B1FBF7C2F81C48082207A9FFF7A7FAFB
:106B600008B1FBF7BAF841F6177160200C22CDE9A5
:106B70000701154807A9FFF79AFA08B1FBF7ADF826
:106B80004FF400500E94119401030F94CDE912407C
:106B90001094CDE916410C480EA9149418941A9437
:106BA000FEF7BAFF08B1FBF798F8074804A9049567
:106BB000FFF702F808B1FBF790F80348FFF730FA47
:106BC0001CB070BD00040140600200241848002180
:106BD00010B5164C0C224FF4E1330460C0E90131CA
:106BE000C160C0E904128161C161016241628162D8
:106BF000FFF745FC08B1FBF770F80D480021FFF7DF
:106C000018FC08B1FBF769F809480021FFF7EBFB16
:106C100008B1FBF762F80648FFF7C5FB002803D070
:106C2000BDE81040FBF759B810BD0000001C014042
:106C3000400300241848002110B5164C0C224FF4D4
:106C4000E1330460C0E90131C160C0E9041281612F
:106C5000C161016241628162FFF711FC08B1FBF77B
:106C60003CF80D480021FFF7E4FB08B1FBF735F8CD
:106C700009480021FFF7B7FB08B1FBF72EF80648DB
:106C8000FFF791FB002803D0BDE81040FBF725B8C3
:106C900010BD000000140140AC020024FEE7FEE736
:106CA000704770B5AEB0B8216846F9F71BFD0220F9
:106CB00081250023CDE9035005904026069020242D
:106CC000CDE907634FF400220993289368468DE8C5
:106CD0001C00FDF7C9FD002801D072B6FEE72EB0FA
:106CE00070BD000000B5B7EEE02AC5B00AA104A847
:106CF000B7EEC11AB7EEC00A8DED021B8DED002B69
:106D000053EC102BF9F7DAFB82B207480A2304A9E7
:106D1000FFF764FC45B000BD252E33662C252E33CD
:106D2000662C252E33660A00AC0200242DE9F047BC
:106D3000454D044689464FF0000A2868C043800745
:106D40000AD0414E283E306820F080603060FDF768
:106D500021F90746B04608E00120BDE8F08700BFF2
:106D6000FDF718F9C01B022867D8D8F80000000109
:106D7000F6D4206829684FF4FE0721F47C313E02E6
:106D800041EA00302860207AA389B4F804C04002A8
:106D90002D4D2D495B1E227CACF1010C1035091DD7
:106DA000A0F5007080B2521ECCF3080C07EA034332
:106DB00040EA0C00184306EA0262104328600868A3
:106DC000626920F0C000104308600A68A06922F0E0
:106DD000200202430A60281D0A6822F010020A609D
:106DE00002684FF6F873E4699A4342EAC40202600B
:106DF0000868B9F1000F40F010020A6011D008686D
:106E0000B9F1010F11D040F400100860D8F800006B
:106E1000444640F08060C8F80000FDF7BBF8054626
:106E20000DE0086840F40020EFE740F48010ECE744
:106E3000FDF7B0F8401B022801D903208DE7206838
:106E40000001F5D5504688E7284402582DE9F0475F
:106E5000454D044689464FF0000A2868C043800724
:106E60000AD0414E283E306820F080503060FDF757
:106E700091F80746B04608E00120BDE8F08700BF62
:106E8000FDF788F8C01B022867D8D8F800008000FA
:106E9000F6D4208829684FF4FE0721F07C713E0269
:106EA00041EA00502860207AA389B4F804C0400267
:106EB0002D4D2D495B1E227CACF1010C1835091DAE
:106EC000A0F5007080B2521ECCF3080C07EA034311
:106ED00040EA0C00184306EA026210432860086882
:106EE000626920F44060104308600A68A06922F4D7
:106EF000007202430A60281D0A6822F480720A6048
:106F000002684FF6F873E4699A4342EAC4020260E9
:106F10000868B9F1000F40F480720A6011D0086867
:106F2000B9F1010F11D040F080700860D8F800006E
:106F3000444640F08050C8F80000FDF72BF80546A5
:106F40000DE0086840F48000EFE740F40000ECE753
:106F5000FDF720F8401B022801D903208DE72068A7
:106F60008000F5D5504688E72844025870B50E4693
:106F700004462DED088BB0EE408ADFED900A9FEDC0
:106F8000901A90ED230AD0ED192AD0ED241A90ED35
:106F90001A2AF7EE00AADFED8BBA28EE203A88EE27
:106FA000019A30EE620A31EEC2AAC3EE010A7AEE0D
:106FB000E09AF0EE6B0AFBF7C3F8B2EE0EBAF0EE11
:106FC0006B0A60EE0B8AB0EE4A0AFBF7B9F8F0EEF6
:106FD000400A94ED230A94ED1F1A20EE8BAA20EEAE
:106FE000290A31EE681A09EE010A84ED230A94EDAC
:106FF000240AD4ED200A20EE290A70EECA0A09EE0E
:10700000200A84ED240A94ED500AB0EEC00A9FEDE8
:107010006E9ADFED6E9A20EE090A80EE29BAB0EE84
:107020004B0AFBF753F8F0EE400A94ED210A38EED4
:10703000C01A01EE200A84ED210AB0EE4B0AFBF7DC
:1070400045F8F0EE400A94ED220A3AEE401A01EEBD
:10705000200A84ED220A94ED500A01F03FFBD4EDA2
:107060004E0A30EEC0AAB0EE4A0A01F043F8F0EE44
:10707000408AB0EE4A0A01F085F9D4ED211AD4ED28
:10708000502AF0EE400A21EEE80A94ED221AF5EEBD
:10709000C02ABFEE002AF1EE10FA01EE600A4C4D54
:1070A0006AFE820A20EE200A85ED000A21EEA10A7E
:1070B00001EE010A01F030FAF6EE000AB4EEE00A41
:1070C000F1EE10FA06DDD5ED000A80EE801A85EDAE
:1070D000001A11E010EE100A3E49884208DD80EEE9
:1070E000201A95ED000AC0EE201A21EE810A01E077
:1070F0009FED390A85ED000ADFED380A95ED002A8B
:1071000094ED480A364962EE200A9FED361A00EEE9
:10711000880A10EE100A84ED480A884201DD84EDE9
:10712000481A314AD4F82001DFED301A904201D9D3
:10713000C4ED481AD4ED480A9FED2D3A94ED500A5B
:10714000DFED2C2A42EE030A70EEC00A00EEA20A1E
:1071500010EE100A84ED500A884201DD84ED501AC9
:10716000D4F84001904201D9C4ED501A94ED4E0A72
:10717000D4ED500A00EE880A9FED1F8AF0EE480A0F
:1071800084ED4E0A01F0A6F8B5EEC00A84ED4E0A71
:10719000F1EE10FA03D230EE080A84ED4E0A032E07
:1071A00001D184ED4C0A94ED500A20EE090AC0EE9C
:1071B000290AC4ED4D0ABDEC088B70BD3333234062
:1071C0009F71613A6666663F00007042E0ED2F42B3
:1071D0001C000024CDCCCC3D0000000000409C45AC
:1071E00000401C4600401C4600401CC600401CC617
:1071F00000002A43CDCCCC3DDB0FC9407047FCF7E3
:10720000CFBE0000F0B59DB04C216846F9F76AFA90
:10721000202113A8F9F766FA0220FCF7B3FF1E48F5
:10722000016821F4404101600168002401F44041FB
:107230001B9101688904FCD54025022000900121A2
:107240000C26CDE90315CDE909042223CDE90D1063
:107250003702CDE90F0604226846CDE90B23CDE9BC
:107260001147FEF7AFF908B172B6FEE708221A958A
:10727000CDE91625D30113AA3F200321CDE91853E8
:1072800082E8130013A8FDF78DFF002801D072B625
:10729000FEE71DB0F0BD0000184802582D48F0B5BB
:1072A0002D4A016841F470010160106800F00F0080
:1072B000072804D2106820F00F00C01D1060274975
:1072C0000020264C10340B68254D43F001030B6061
:1072D00020600B682B400B60136803F00F03072B33
:1072E00004D9136823F00F03DB1D13601B4C1D4AE8
:1072F00018341D4B261D371D2060184C1B4D28349B
:107300003060261D3860371D23603B1D35601C1D15
:107310003A60251D2E1D1860331D226028603260E2
:1073200018600B680D4A0D4C23F48023D4320B6097
:10733000603420601068C0040BD4136843F2D2009C
:107340000B4943F4805313600860106820F48050A8
:107350001060F0BD88ED00E00020005200440258AB
:107360007FEDF6EA80020101000202020000FF0147
:10737000004000520148FEF7AEBD00001402002498
:107380000148FEF7A8BD0000600200242DE9F04787
:107390002C4B4FF0804A2C4D026898422B4E2C4FBC
:1073A0002C4C09D0504507D0A84205D0B04203D09C
:1073B000B84201D0A04205D1D1F804C022F0700239
:1073C0004CEA0202DFF890C0DFF890809842DFF8C4
:1073D000909015D0504513D0A84211D0B0420FD094
:1073E000B8420DD0A0420BD0604509D0404507D02F
:1073F000484505D01B4DA84202D01B4DA84203D1E1
:10740000CD6822F440722A438E684D6922F08002D2
:10741000C6620E682A439842866207D0A04205D011
:10742000604503D0404501D0484501D10969016359
:107430000368012143F00403036041610260BDE879
:10744000F0870000000001400004004000080040F8
:10745000000C004000040140004001400044014095
:107460000048014000E0004000E4004010B5046A1C
:10747000012301F01F018B409C4304628A40016A92
:107480001143016210BD42EA032283680A4323F4D8
:107490007F410A4382607047034B82681A400A4367
:1074A00042F00701816070478FFFCFFF2DE9F04F59
:1074B000DFF88C80234EDFF89090DFF890B0026AFE
:1074C000036AB042DFF888A022F0020C214F23F0BB
:1074D00001020262436885698A680C6805EA08054A
:1074E00025F0030542EA0C0244EA050407D04845AA
:1074F00005D0584503D0504501D0B84208D1D0F846
:1075000020C022F008052CF004020262CA682A4357
:10751000B04207D0484505D0584503D0504501D06A
:10752000B84205D123F44076D1E9055335432B43C6
:1075300043608461496841630262BDE8F08F0000E6
:107540008FFFFEFF000001400004014000400140A9
:107550000044014000480140F0B5DFF880E0204CD5
:10756000204D026A036AA04222F0200623F0100395
:10757000036242688369D1F808C00F6803EA0E030A
:1075800023F4407E46EA0C134EEA072601D0A842B7
:1075900008D1076A23F0800327F040070762CF680D
:1075A00043EA0713A0420AD0A84208D00E4CA042DA
:1075B00005D00E4CA04202D00D4CA04207D1D1E91B
:1075C000054522F4406242EA840242EA85024260B2
:1075D0008661496881630362F0BD0000FF8FFFFE92
:1075E000000001400004014000400140004401400F
:1075F00000480140F0B5DFF880E0204D204E026ADF
:10760000036AA84222F4007723F48073036243687C
:10761000C269D1F808C002EA0E020C6822F0030E1B
:1076200047EA0C2244EA0E0401D0B04208D1076AAE
:1076300022F4006227F480670762CF6842EA0722DB
:10764000A8420AD0B04208D00E4DA84205D00E4D37
:10765000A84202D00D4DA84207D1D1E9055623F426
:10766000405343EA051343EA06134360C461496883
:10767000C1630262F0BD00008FFFFEFF0000014009
:107680000004014000400140004401400048014026
:10769000F0B5046A026A22F4805202624268C36949
:1076A00024F40054DFF848C08E680D6803EA0C0328
:1076B000104F23F4407344EA0634B84243EA0523EA
:1076C0000BD00D4DA84208D00C4DA84205D00C4D52
:1076D000A84202D00B4DA84204D14D6922F4804249
:1076E00042EA85124260C361496801640462F0BDE8
:1076F000FF8FFFFE000001400004014000400140F8
:107700000044014000480140F0B5164F164B026A94
:10771000046A984222F4003524F4803303624268FC
:10772000436D0E890C6803EA070344EA030445EA43
:1077300006430BD00D4DA84208D00D4DA84205D0F0
:107740000C4DA84202D00C4DA84204D14D6922F440
:10775000803242EA052242604465496881650362DD
:10776000F0BD00008FFFFEFF00000140000401405B
:10777000004001400044014000480140F0B5164F70
:10778000164B026A046A984224F48013036222F4BE
:1077900000144268436D0E890D6803EA070344EA4A
:1077A000065443EA05230BD00D4DA84208D00D4DD9
:1077B000A84205D00C4DA84202D00C4DA84204D1DD
:1077C0004D6922F4802242EA85224260436549687D
:1077D000C1650462F0BD0000FF8FFFFE00000140A4
:1077E00000040140004001400044014000480140C5
:1077F00030B5114C036A056AA04225F00104046209
:107800000BD00E4CA04208D00D4CA04205D00D4C20
:10781000A04202D00C4CA04203D1046A24F004041C
:107820000462846923F00A030B4324F0F00444EA61
:1078300002118161036230BD00000140000401407B
:1078400000400140004401400048014030B50D4C6B
:10785000036A056AA04225F01004046202D00A4CB3
:10786000A04203D1046A24F040040462846923F036
:10787000A00343EA011124F4704444EA0232826115
:10788000016230BD000001400004014030B5416E8E
:10789000B9B101680D4B03F108048A688968C2F325
:1078A0004262490F5D5C615C2D01B5FBF1F1A0F80E
:1078B0006A10995CA25C0901B1FBF2F1A0F86810B2
:1078C00030BD0121A0F86A10F8E700005C8D0008C7
:1078D00090F82810090706D50168836B4A6822F4DE
:1078E00000421A434A6090F82810C90706D0016880
:1078F000C36A4A6822F400321A434A6090F828109A
:10790000890706D50168036B4A6822F480321A435E
:107910004A6090F82810490706D50168436B4A6809
:1079200022F480221A434A6090F82810C90606D52E
:107930000168C36B8A6822F480521A438A6090F807
:107940002810890606D50168036C8A6822F4005263
:107950001A438A6090F82810490611D50168436CD3
:107960004A6822F480121A434A60416CB1F5801FC4
:1079700006D10168836C4A6822F4C0021A434A6047
:1079800090F82810090606D50168C26C486820F4F2
:1079900000201043486070472DE9F8430025044655
:1079A000C0F89050FCF7F6FA8046206820266FF069
:1079B0007E470068000713D5002243463104204665
:1079C000009700F057FA58B1216851E8000F20F0F5
:1079D000800041E80002002AF6D1C4F8886021E066
:1079E00020680068400722D5002243464FF48001FA
:1079F0002046009700F03EFAC8B1206850E8001F0A
:107A000021F4907140E80012002AF6D12068083075
:107A100050E8001F21F0010140E80012002AF5D1D2
:107A2000C4F88C60032084F88450BDE8F883C4F85F
:107A30008860C4F88C60E5662567002084F884506F
:107A4000F3E7000010B5026852E8001F21F49071BE
:107A500042E80013002BF6D10E4B0268083252E8C0
:107A6000001F194042E80014002CF6D1C16E012914
:107A700008D1026852E8001F21F0100142E800130B
:107A8000002BF6D100212022C0F88C20C16641676E
:107A900010BD0000FEFFFFEF2DE9F04304468068B3
:107AA000E24E87B0E24B2168D4E90427D4F81CC029
:107AB00010430A68002547EA0C0738433240024366
:107AC0000A602068E268416821F440511143416036
:107AD0002268A1699A4201D0206A01439668DFF8C2
:107AE00054C3D54FD54806EA0C060E43966021686C
:107AF000666ACA6A22F00F023243CA622268BA4238
:107B00000ED1006800F0380018286FD07ADCB8B3C6
:107B100008286CD010286BD18BE0282868D18EE023
:107B2000C7498A4209D1006800F0070006285FD2E1
:107B3000DFE800F0507D7F818385C2498A4209D108
:107B4000006800F0070006287BD2DFE800F04370F1
:107B500072747678BC498A4209D1006800F0070047
:107B600006286ED2DFE800F036636567696BB749B7
:107B70008A420BD1006800F00700062861D200E0BD
:107B800043E0DFE800F0275456585A5CB0498A4277
:107B900006D1006800F0380018284CD0B7DD31E07D
:107BA000AC498A4209D1006800F00700062848D293
:107BB000DFE800F0103D3F414345A7498A420BD121
:107BC000006800F0070006283BD2DFE800F0033031
:107BD00032343638002035E0A0498A4209D10068A5
:107BE00000F03800182826D091DD0BE023E01EE0DD
:107BF00027E09B498A420AD1006800F03800182823
:107C000019D084DD202888D11CE001201AE09A4296
:107C100017D18A48001D006800F00700062810D21E
:107C2000DFE800F0030507090B0D02200AE004203D
:107C300008E0082006E0102004E0202002E04020B8
:107C400000E080208749DFF820829A42874A4FF47B
:107C500000434FEA21174FF000064ED110281AD0EA
:107C600006DC022809D004280BD008287ED10DE0BC
:107C700020283ED0402879D13DE0FCF7ADFA0146FE
:107C800010E06846FCF75EFB01990BE003A8FCF7E7
:107C9000FBFB049906E01068800605D51068C0F368
:107CA000C100C140002970D0606A676838F81020B0
:107CB00007EB4703B1FBF2F0834257D8B0EB073F25
:107CC00054D8002308461946F8F780FB0246780886
:107CD000130E120243EA012110183A4671410023A3
:107CE000F8F774FB624AA0F5407191423ED82168D2
:107CF0008FE03946D8E71946D6E7D4F81CC04FF6CE
:107D0000EF799C4546D1082819D005DC58B10128E7
:107D10000CD0042875D10DE0102815D0202835D0BE
:107D200040286ED134E0FDF78DFB01E0FDF79CFBB0
:107D3000014610E06846FCF705FB01990BE003A83B
:107D4000FCF7A2FB049906E01068800604D51068D1
:107D5000C0F3C100C140C1B1636A606838F8133034
:107D6000B1FBF3F1490001EB500100E049E0B1FB48
:107D7000F0F0A0F11001494543D84FF6F0732168A7
:107D8000C0F342021840104343E043E03946E3E7C2
:107D90001946E1E7082819D005DC58B101280CD0B4
:107DA00004282ED10DE0102815D020282BD04028F3
:107DB00027D12AE0FDF746FB01E0FDF755FB014620
:107DC00010E06846FCF7BEFA01990BE003A8FCF747
:107DD0005BFB049906E01068800604D51068C0F3C8
:107DE000C100C140B1B1636A606838F81330B1FBBB
:107DF000F3F101EB5001B1FBF0F0A0F110014945A6
:107E000005D9012506E03946EDE71946EBE721687B
:107E100080B2C8600120A4F86A00A4F8680028466F
:107E20006667A66707B0BDE8F0830000F369FFCF7F
:107E3000000C0058FFF4FF11001001405444025898
:107E40000044004000480040004C0040005000400A
:107E50000014014000780040007C00400018014000
:107E6000001C01400090D003448D000800440258DB
:107E7000FFFC0F002DE9F047994617460D460446D2
:107E8000089E4FF0000833E0701C31D0FCF782F8F8
:107E9000A0EB0900B04218D8BEB1206801684907BC
:107EA00026D5802D24D0402D22D0C169C943090791
:107EB0000DD4082505622046FFF7C4FDC4F8905094
:107EC000012084F88480BDE8F0870320FBE7C069C7
:107ED000C04300050CD421684FF4006008622046BE
:107EE000FFF7B0FD2021C4F8901084F88480ECE7FF
:107EF0002068C06935EA000004D00020B842C3D031
:107F00000020E0E70120F9E7FEE703B40198410013
:107F1000009850EAC12018BF04204A0D18BF40F055
:107F2000010040F2FF72B2EB515F08BF40F0020067
:107F3000012808BF052002B070474100080218BFA1
:107F400004200A0E18BF40F001004FF07F4232EAD1
:107F5000010108BF40F00200012808BF052070475A
:107F6000090700284FEA116104DB00F1E02080F8E6
:107F70000014704700F00F0000F1E02080F8141D9D
:107F80007047000010B54FF00E412DED028BB0EEA2
:107F9000408A18EE100A01EB4001B1F1145F5CD287
:107FA0004FF0FE41B1EB400F24BF9FED400AF0EED1
:107FB000400A12D210F0004F19BFDFED3D0A9FEDCD
:107FC0003D0ADFED3D0A9FED3D0ADFED3D1A81EEF2
:107FD000881AB0EE418A18EE100A4FF0FC41B1EB5E
:107FE000400F1BD210F0004FDFED361A9FED362AFE
:107FF0001DBF9FED361A70EEE10A30EE420A9FED8A
:10800000341A04BF70EEA10A30EE020A38EE412A9B
:10801000DFED301A48EE011A82EE218ADFED2E1ACA
:108020009FED2E2A28EE081A01EE212ADFED2C1AE8
:1080300041EE021A9FED2B2A01EE212ADFED2A1ACA
:1080400041EE021A28EE011A01EE210A30EE080A6A
:10805000BDEC028B30EE200A10BD4FF0E441B1EBD5
:10806000400F0CD918EE100AFFF767FF042808BF6D
:1080700000F07AFAB0EE480ABDEC028B10BD4FF06A
:108080007F41B1EB400F07D2B0EE480ABDEC028B46
:10809000BDE8104000F05DBA10F0004F14BF9FED36
:1080A000130A9FED130ABDEC028B10BD0000000007
:1080B0000000C9BF22AAFDB90000C93F22AAFD39AC
:1080C000000080BF0060ED3EC30ACE37000000BF55
:1080D0000000003F0000803F2DAD65BD8FB8D53D4D
:1080E0000FB511BE61C84C3EA8AAAABEDB0FC9BF1E
:1080F000DB0FC93F10EE101A08B5434A6846B2EBD1
:10810000410F26D94FF0E640B0EB410F94BF00205D
:108110004FF0FF3000900098DFED3C0A002860DB54
:1081200010F0010F46D060EE000ADFED391A9FED26
:10813000391A10F0020F00EEE11ADFED371A40EEA7
:10814000811A21EEA01AF0EE400A40EE010A2ED06C
:1081500041E0324B21F0004293423FD911F0004FF1
:10816000DFED2F0A20EE201ADFED2E0A19BF31EEC7
:10817000601A71EE200A31EE201A71EE600ABDEE2F
:10818000E01A11EE100A9FED281A00F0030000EE2D
:10819000C10A9FED261A009000EEC10A9FED241A35
:1081A00000EEC10A9FED231A00EEC10AB3E7F1EE1B
:1081B000600A10E020EE000A9FED1F1ADFED1F1A83
:1081C00010F0020F40EE011A9FED1D1A00EE211A69
:1081D00040EE010AEBD1B0EE600A08BD00F0CCF928
:1081E00099E710EE100A4000B0F17F4FF3D307D1AA
:1081F0004FF00100F8F7A5FABDE8084000F0ACB96F
:10820000BDE8084000F0A5B9B61F927E0000803F8F
:10821000336D4C39DA82083CA0AA2ABE490E494681
:1082200083F9223F0000004B0000C93F00A0FD3948
:108230000020A2331A61342CB93AB2BACA9F2A3D3F
:10824000DDFFFFBE10B52DED028BB0EE608AF0EEC3
:10825000408A18EE101A18EE900A00F07FFC00F029
:108260007040B0F1005F0CD018EE100A20F0004012
:10827000C0F1FF40C00F02BFB0EE480ABDEC028B58
:1082800010BDB0EE680ABDEC028B10BD10B52DED2F
:10829000028BB0EE608AF0EE408A18EE101A18EEEB
:1082A000900A00F05BFC00F07040B0F1004F0CD081
:1082B00018EE100A20F00040C0F1FF40C00F02BFCE
:1082C000B0EE480ABDEC028B10BDB0EE680ABDEC02
:1082D000028B10BD10B52DED028BF0EE408A18EE2A
:1082E000900AB0EE608A20F00040C0F1FF40C00F5D
:1082F00007D118EE100A20F00040C0F1FF40C00F77
:108300002BD018EE101A18EE900A00F09BFC00EE2D
:10831000100A10EE100A6FEAD05010F0FF0F04BFE1
:10832000BDEC028B10BD18EE900A00F0004110EE7B
:10833000100A00F00040814204BFBDEC028B10BD6A
:1083400018EE101A10EE100ABDEC028B61F31E003D
:1083500000EE900A30EE600A10BD18EE900A4FF061
:108360007F41B1EB400F1CBF18EE100A5FEA4000DE
:10837000C7D10120F8F7E5F9BDEC028BBDE810404C
:1083800000F0EAB800B510EE101A2DED028B81B0A6
:10839000524A6846B2EB410F2ED94FF0E640B0EB9F
:1083A000410F94BF00204FF0FF3000900098B0EED6
:1083B000408A00286ADB10F0010F4BD068EE080AF3
:1083C0009FED471A9FED470A00EE810A9FED461A7E
:1083D00000EE801A9FED450A10F0020F00EE810AB0
:1083E00002BF01B0BDEC028B00BD00BF01B0B1EE19
:1083F000400ABDEC028B00BD3D4B21F00042934290
:1084000041D911F0004FDFED3B0A20EE201ADFEDDD
:108410003A0A19BF31EE601A71EE200A31EE201AC5
:1084200071EE600ABDEEE01A11EE100A9FED331AEC
:1084300000F0030000EEC10A9FED311A009000EE3B
:10844000C10A9FED301A00EEC10A9FED2F1A00EE0F
:10845000C10AABE728EE080A9FED2C1ADFED2C0AC3
:1084600010F0020F40EE410A9FED2A1A00EE201A8A
:1084700061EE000AB0EE480A08EE200AB6D101B05B
:10848000BDEC028B00BD00F077F88FE718EE100A04
:108490004000B0F17F4F0DD218EE100AFFF74DFDEE
:1084A000042808BF00F060F8B0EE480A01B0BDEC47
:1084B000028B00BD09D10120F8F743F901B0BDECF2
:1084C000028B5DF804EB00F047B801B0B0EE480A4B
:1084D000BDEC028B5DF804EB00F03BB8B61F927E5A
:1084E000B93AB2BACA9F2A3DDDFFFFBE0000803F05
:1084F000490E494683F9223F0000004B0000C93F66
:1085000000A0FD390020A2331A61342C336D4C39A0
:10851000DA82083CA0AA2ABE10B52DED028BB1EE7E
:10852000C08A18EE100A20F00040C0F1FF40C00FD2
:108530000AD010EE100A20F00040C0F1FF40C00F3A
:1085400004BF0120F8F7FDF8B0EE480ABDEC028B3D
:1085500010BD30EE000A7047DFED020A80EEA00A7F
:1085600070470000000000009FED020A20EE000AA4
:1085700070470000000000102DE9F0014FF07F422D
:10858000B2EB410F9FBF4FF0FF310160BDE8F0013A
:1085900070474FF0004242EA0123C1F3C752783AD4
:1085A000551112F01F0C434CCCF120067C44C1F352
:1085B000C752A2F178024FEA621204EB820254F829
:1085C000254008BFD2E9015612D0556804FA0CF4D0
:1085D00025FA06F73C43976805FA0CF527FA06F8E2
:1085E000D26807FA0CFCF24045EA08054CEA02069C
:1085F000A4FB034CA5FB0352A6FB03631D449D4251
:1086000034BF012600261319334416B1934202D910
:1086100003E0934201D2012200E00022624402F111
:10862000200C9206DC0C42EA443200EE102A5B0376
:10863000DFED210AF8EEC01A00EE103A4FEA9C1C5A
:1086400011F0004FB8EE400AC0F800C020EE201A2A
:1086500000EE105ADFED190AB8EE400A20EE200AAB
:1086600071EE810A70EE800A10EE902A02F5006227
:108670006FF30B0200EE902A70EEE11A31EEC11A90
:10868000DFED101A30EE411A9FED0D0A20EE800A40
:1086900001EE210A9FED0C1A00EE810A04BFBDE82D
:1086A000F0017047CCF180510160BDE8F001B1EEFE
:1086B000400A704784080000000000360000802C4B
:1086C00022AAFD29DB0FC92F0000C92F30380A2844
:1086D00001D20120704700207047000010B5DFED87
:1086E000161A9FED161AF1EE0C0A2DED028BB0EE64
:1086F000408AB0EEC80A80EE212A22EE011A81EEED
:10870000200AF9F7E3FCB7EE001ADFED0D0A31EEAF
:10871000401A21EE201AC0EE010A82EE200AFFF76D
:1087200031FCB5EEC08AF1EE10FA01D2B1EE400A8A
:10873000BDEC028B10BD0000DB0FC9400000704291
:1087400098C4033AB0EEC00A704700002DE9F0412A
:10875000C0EBC0001D46154B069E03EB4004207B7A
:1087600004EB400324F81010DA80637B032B01D262
:108770005B1C63730323677B401CB0FBF3FC032F7C
:1087800003FB1C00207303D229803280BDE8F081F6
:10879000A2886188208800F0C3F828806289218936
:1087A000E08800F0BDF83080F0E7000060080024A9
:1087B000F8B51B4F01281E4614464FF000051AD08D
:1087C000022817D1174B03F01F02121DBFF34F8F62
:1087D0003B60203A2033002AFADCBFF34F8FBFF30F
:1087E0006F8F104B00965E881A880B463146FFF754
:1087F000ADFF2580F8BD0B4B203B03F01F02121D7F
:10880000BFF34F8F3B60203A2033002AFADCBFF3DE
:108810004F8FBFF36F8F034B0096203BE3E70000C1
:108820005CEF00E040000024012807D0022809D1B5
:1088300005480022202100BFFBF7A6BB0022034809
:108840000121F9E7704700000008025800040258AF
:10885000012807D0022809D105480122202100BFA4
:10886000FBF792BB012203481146F9E7704700006D
:10887000000802580004025810B501284FF000010A
:1088800088B040F2FF741FD002281BD104910E2241
:10889000059104A8069107911A49F7F7ACFE1A480A
:1088A0000E2204A9F7F7A7FE184800212246FAF77E
:1088B00087F8174902221548FAF780FE154800BFCD
:1088C000FDF73AFA08B010BD00910E2201916846FA
:1088D000029103910B490E39F7F78DFE0A480E22DB
:1088E00069460E38F7F787FE0B4800212246FAF753
:1088F00067F80749022208482039FAF75FFE07485F
:10890000DEE70000268E00087C080024B400002466
:1089100040000024140200244400002460020024CB
:10892000884202D9034608461946914200D91146A9
:10893000884200D90146084670470000012808D047
:10894000022805D104480068416C41F400414164AB
:1089500070470248F7E70000140200246002002478
:10896000BCEEC00AFCEEE00ABCEEC11A012810B54C
:108970000FD002280CD1084810EE101A10EE902AE1
:1089800011EE103A0468616301688A630068C3638A
:1089900010BD0248F0E70000140200246002002429
:1089A000012810B51DD002281AD11A48FDF792F9F6
:1089B0001848FDF735FB17480021FDF73DFC154829
:1089C0000421FDF739FC13480821FDF735FC114857
:1089D0000C21FDF731FC0F480068C16A8039016441
:1089E00010BD0D48FDF776F90B48FDF719FB0A4855
:1089F0000021FDF721FC08480421FDF71DFC064875
:108A00000821FDF719FC04480C21FDF715FC02486C
:108A1000E2E7000014020024600200242DED028B26
:108A200084B000240094019402940394FBF73CFB6F
:108A300001208DF80C001F218DF8081087228DF879
:108A400009208DF80D008DF8000068468DF80A4069
:108A50008DF80E408DF8014001948DF80B408DF893
:108A60000F40FBF7F3FA0420FBF72CFBFBF7A0FA0F
:108A7000FEF7C8FBFEF715F9FDF7F4FEFDF7E4FE7F
:108A8000FDF77EFFFDF78CFEFEF7A0F8FDF72AFE4E
:108A9000FEF70AF8FEF7CEF81A490120F9F7BAFCFA
:108AA00018490220F9F7B6FC3220FBF749F91648BD
:108AB00001228021FBF768FA144801221021FBF7FC
:108AC00063FA134C9FED138A94EDDA2AB4F8340458
:108AD000B4F8301400EE100A00EE901AD4EDD81A53
:108AE000F8EE402AB8EE600A94EDDF1A72EEC20A80
:108AF00030EE610AFEF7F6F80220B0EE480AF9F708
:108B00003FFFE1E7F88D00080018025800100258F6
:108B1000D40300240000FA4310B500290AD00878D5
:108B2000002807D005487844F8F770F9002801D0EC
:108B3000002010BD0248784410BD0000E203000090
:108B4000DA03000000EE100A00EE901AB4EE600A9C
:108B5000F1EE10FA78BF704700F00DB810B5FFF7CE
:108B6000F1FFEFF3008020F0104038BF40F00040EC
:108B700080F3008810BDBDE8104010B500F017F874
:108B80000000000900F007B84FF0404010F1004F1E
:108B9000EFF300807047401058BFC0F140404910CB
:108BA00058BFC1F140418142EFF3008070470EF1A0
:108BB000020E2EF0030E5EF8044B244204D44FEA5A
:108BC0004102B2F17F4F11D84FEA4003B3F17F4F1A
:108BD0000CD80ED14FEAD07CB2F17F4F0CEB4C0C8D
:108BE0000CF1020C08BF4CEBD17C04E04FF0080CF8
:108BF00001E04FEAD17C0CEB4C0324FA03F404F0BF
:108C00000704B4F1040C06D20EEB840CBDE810404E
:108C10004CF0010C6047DFE80CF0070802024FF04F
:108C20000040A0F5800010BD0846420018BFD2F1F8
:108C3000807288BF00F0004010BD4FF04070E1EE40
:108C4000100A70474FF07F4C3CEA410318BF3CEAE2
:108C5000400200F062804FF47F0C10F0004F0CEAED
:108C6000D11318BF43F005031CEAD01218BF13EA52
:108C70000C0F00F057804FF0004C4CEA00204CEAFB
:108C80000121A3F580339A4210DDB0F1004F23F0AB
:108C9000020306D3401A43F00203BCBF404283F0F4
:108CA00001034FEA4000A2F58032ECE74FEA224C84
:108CB000BCEB234F08DB884206D31CD0A0EB41005D
:108CC000C0F1000083F0010340001DD217D40DD085
:108CD000B0FA80FC0CF1010C00FA0CF0A2EB0C4293
:108CE000D2F1000C12DB4FEAC37070474FEA4370B9
:108CF00000F00040704713F0020FE5D0DEE7B2F558
:108D000080324FEA4000EBDD002AE9DD4FEAC21273
:108D100042EA502040EAC370704710B5FFF747FFA2
:108D2000EDFFFF3E1CEAD11F02D000F0004070476B
:108D3000004870470000C07FF7F7E2BD000610163C
:108D400000061016010002000400060008000A00D8
:108D50000C00100020004000800000010101010310
:108D600007010000080402040801010100000000DE
:108D7000010203040102030406070809A3548A3F01
:108D8000CB46484500000000000000000000000045
:108D90000000000051A3D940A3548A3FCB46484568
:108DA00000000000000000000000000000000000C3
:108DB00051A3D9400AD7A33BCDCC4C3E00000000C4
:108DC0000000000000000000000000009A99193F18
:108DD0000000F0410000803F0000000000000000A3
:108DE00000000000000000000000C84200E02B4529
:108DF00000E02B4500E02B45A18900083D890008D3
:108E000000000000618900085188000829880008D6
:108E1000B187000879880008000000000000000009
:108E20000000000000000000000000000000000042
:108E300000000000000000006E83F9A22915444ED6
:108E4000D15727FCC0DD34F5999562DB4190433C56
:108E5000AB6351FE02400000000000A000000000D3
:108E600005400000000000C8000000000C400000A9
:108E70000000409C00000000194000000020BCBE23
:108E80000000000034400000BFC91B8E0000000439
:108E9000B5400000504BCFD06607E2CF0100000084
:108EA0006C4100003E8251AADFEEA73401000000B1
:108EB000D9420000DCB5A0E23A301F97FFFFFFFF68
:108EC000B4450000FD25A0C8E9A3C14FFFFFFFFF87
:108ED000FF3F00000000008000000000FF3F000096
:108EE0000000008000000000248F00080000002423
:108EF0004400000008030008688F000844000024B4
:108F0000AC0E0000240300081C0000004300000019
:108F1000F8FFFFFF0C0000000E0000000F00000033
:108F20002E00000000000000010000001000000002
:108F3000000000000090D0030090D003000000006B
:108F40000000000000000000000000000000000021
:108F50000000000000000000000000000000000011
:088F6000000000000000000009
:04000005080002CD20
:00000001FF
